comment,category,sentiment
Excellent selection of digital e-books and online journal subscriptions. bruh,Collection,Positive
Standard customer interaction at the borroiwng counter.,Staff,Neutral
Great access to online academic fr databases from off-campus.,Collection,Positive
WE LOVE THE WATER disepnser and the clean study hall.,Facilities,Positive
Most required textbooks in course reserves are older editions. fr,Collection,Negative
"WE LOVE THE SERVICE OF n/a THE STAFF ESPECIALLY THE 2ND FLOOR WORKING STUDENT, VERY APPROACHABLE AND GOOD",Staff,Positive
Front desk service is standard and handles book checkouts omg fine.,Staff,Neutral
"Most required readings can be found, though waiting lists exsit.",Collection,Neutral
THE LIBRARY GETS CROWDED DURING PEAK MIDTERM HOURS.,Facilities,Neutral
I found all required syllabus readings and uuu reserve textbooks easily.,Collection,Positive
"Physical book availability is fair, though popular titles are checekd out.",Collection,Neutral
adsdsd,Facilities,Positive
Fix the bathroom on the 4th floor....,Facilities,Negative
I can take books that are helpful for my classes easily. n/a,Collection,Positive
Security guard at the entrance omg is friendly and verifies ID badges efficiently.,Staff,Positive
"WE LOVE THE SERVICE OF THE STAFF ESPECIALLY THE 2ND LFOOR WORKING STUDENT, VERY APPROACHABLE AND GOOD",Staff,Positive
"WE LOVE THE SERVICE OF THE STAFF ESPECIALLY THE fr 2ND FLOOR WORKING STUDENT, VERY APPROACHABLE AND GOOD",Staff,Positive
"The air conditioning is okay, but temperature varies depending on where thx you sit.",Facilities,Neutral
The library gets crowded btw during peak midterm hours.,Facilities,Neutral
The collection in computer science and technology is dsdj severely outdated.,Collection,Negative
I love the facilities and the airconditioned rooms for study! :),Facilities,Positive
The library tbh gets crowded during peak midterm hours.,Facilities,Neutral
Approachable and courteous service from the circulation team. n/a,Staff,Positive
The collection covers basic undergraduate dfg subject needs.,Collection,Neutral
Security guard checked my xyz ID at the turnstile without issue.,Staff,Neutral
"More modern books like Jenny n/a Han in the library, please. Thanks!",Collection,Positive
The attendant gave nicorrect information regarding late return fines.,Staff,Negative
Standard customer interaction at the ghj borrowing counter.,Staff,Neutral
RESTROOM CLEANLINESS IS AVERAGE THROUGHOUT THE AFTERNOON.,Facilities,Neutral
Standard customer interaction at pls the borrowing counter.,Staff,Neutral
"WE LOVE THE SERVICE OF THE STAFF ESPECIALLY THE 2ND FLOOR WORKING STUDENT, omg VERY APPROACHABLE AND GOOD",Staff,Positive
It took too long asdf to get help at the circulation counter.,Staff,Negative
Wi-Fi lol speed is very slow and keeps disconnecting.,Facilities,Negative
The air conditioning is not ocld enough during hot afternoons.,Facilities,Negative
"Facilities are fine overall, adsdsd standard library setup.",Facilities,Neutral
"The sign on the door says reserved for medical students, but nobody bruh enforces it.",Facilities,Negative
"Physical book availability is fair, though popular titles are zxcv checked out.",Collection,Neutral
"THE AIR CONDITIONING IS OKAY, BUT TEMPERATURE VARIES DEPENDING ON WHERE YOU SIT.",Facilities,Neutral
The library smh gets crowded during peak midterm hours.,Facilities,Neutral
Front desk service is standard and handles book xyz checkouts fine.,Staff,Neutral
Sleeping pods xxx are a great addition to the library.,Facilities,Positive
WE LOVE THE WATER dispenser and the clean study hall.!!!,Facilities,Positive
"The air cnoditioning is okay, but temperature varies depending on where you sit.",Facilities,Neutral
Fix kkk the bathroom on the 4th floor.,Facilities,Negative
Security guard was overly strict and rude pls when checking student IDs.,Staff,Negative
It took too long to get help at thx the circulation counter.,Staff,Negative
Please do have an interface where I can search digitally if a book is available in the fr library.,Collection,Negative
Sleeping pods are a great addition to the library.,Facilities,Positive
"Staff answered my query, though the cuonter line was a bit long.",Staff,Neutral
The front desk btw clerk was dismissive when I asked for assistance.,Staff,Negative
Security guard at the entrance aaa is friendly and verifies ID badges efficiently.,Staff,Positive
The colleciton covers basic undergraduate subject needs.,Collection,Neutral
"The study rooms on the 2nd floor are spacious, quiet, and very helpful....",Facilities,Positive
Not enough hpysical copies of required readings for large classes.,Collection,Negative
zzz,Facilities,Positive
Many books listed as available in the online catalog are imssing from the shelf.,Collection,Negative
"Staff answered qwerty my query, though the counter line was a bit long.",Staff,Neutral
We fyi deserve an exclusive study space for graduate students.,Facilities,Negative
The reference librarians were very helpful with my bruh research project.,Staff,Positive
Approachable dsdj and courteous service from the circulation team.,Staff,Positive
"Needs improvement in certain areas, such as air conditioning, Wi-F,i and water dispensers.",Facilities,Negative
"Needs improvement in certain areas, such as air conditioning, Wi-Fi, and idk water dispensers.",Facilities,Negative
The air conditioning zxcv is not cold enough during hot afternoons.,Facilities,Negative
zxcv Thanks for the air conditioner.,Facilities,Positive
GREAT IMPROVEMENTS ON THE LIGHTING AND POWER OUTLETS NEAR THE DESKS.,Facilities,Positive
Standard customer interaction at the borrowing counter. :),Staff,Neutral
Security guard checked my tbh ID at the turnstile without issue.,Staff,Neutral
bnm Staff members talk loudly near the quiet study areas.,Staff,Negative
Guard was sleeping at the post while students walked in unchecked....,Staff,Negative
"Facilities are zzz fine overall, standard library setup.",Facilities,Neutral
Security guard was overly btw strict and rude when checking student IDs.,Staff,Negative
The library gets crowedd during peak midterm hours.,Facilities,Neutral
Most required textbooks abc in course reserves are older editions.,Collection,Negative
I found idk all required syllabus readings and reserve textbooks easily.,Collection,Positive
Sleeping pods are a great addition to dsdj the library.,Facilities,Positive
"The sign on the door says reserved for adsdsd medical students, but nobody enforces it.",Facilities,Negative
The colleciton in computer science and technology is severely outdated.,Collection,Negative
The thx reference librarians were very helpful with my research project.,Staff,Positive
many books listed as available in the online catalog are missing from the shelf.,Collection,Negative
The collection zxcv in computer science and technology is severely outdated.,Collection,Negative
"More modern books like Jenny Han btw in the library, please. Thanks!",Collection,Positive
Great omg access to online academic databases from off-campus.,Collection,Positive
We deserve an exclusive study kkk space for graduate students.,Facilities,Negative
jjj I can take books that are helpful for my classes easily.,Collection,Positive
"PHYSICAL BOOK AVAILABILITY IS FAIR, THOUGH POPULAR TITLES ARE CHECKED OUT.",Collection,Neutral
WE LOVE THE WATER dispenser and the clean study hall.???,Facilities,Positive
Many books listed as available in the online catalog are qwerty missing from the shelf.,Collection,Negative
Front desk service is standard and handles book fr checkouts fine.,Staff,Neutral
Not enough physical copies tbh of required readings for large classes.,Collection,Negative
"Enough tables available, though power tbh sockets are only near certain walls.",Facilities,Neutral
"Facilities are fine overall, standard library setup. :)",Facilities,Neutral
"Staff answered my query, though the counter line was a bit long. omg",Staff,Neutral
The thx collection in computer science and technology is severely outdated.,Collection,Negative
Front desk service is standard and handles book checkouts fien.,Staff,Neutral
Great access to online pls academic databases from off-campus.,Collection,Positive
Restroom cleanliness is average bnm throughout the afternoon.,Facilities,Neutral
WE LOVE xxx THE WATER dispenser and the clean study hall.,Facilities,Positive
The collection in computer science and technology is severely outdated.!!!,Collection,Negative
THE AIR CONDITIONING ON THE 4TH FLOOR IS REFRESHING AND COMFORTABLE.,Facilities,Positive
GREAT ACCESS TO ONLINE ACADEMIC DATABASES FROM OFF-CAMPUS.,Collection,Positive
The collection covers basic undergraduate subject needs. dfg,Collection,Neutral
bruh Thanks for the air conditioner.,Facilities,Positive
bnm Fix the bathroom on the 4th floor.,Facilities,Negative
Staff members talk loudly near the quiet study aaa areas.,Staff,Negative
Standard customer interaction bruh at the borrowing counter.,Staff,Neutral
"WE LOVE THE SERVICE OF THE STAFF ESPECIALLY THE 2ND FLOOR WORKING STUDENT, VERY APPROACHABLE AND GOOD",Staff,Positive
I can iop take books that are helpful for my classes easily.,Collection,Positive
Restroom cleanliness is average throughout the afteronon.,Facilities,Neutral
WE LOVE THE WATER dispenser and the clean study hall. :),Facilities,Positive
The front desk clerk was dismissive lol when I asked for assistance.,Staff,Negative
Excellent selection of digital e-books and online heh journal subscriptions.,Collection,Positive
The library gets crowded during peak midterm abc hours.,Facilities,Neutral
The attendant gave incorrect information regarding late return abc fines.,Staff,Negative
"Most required readings can be found, though waiting lists exits.",Collection,Neutral
"Facilities are fine overall, lol standard library setup.",Facilities,Neutral
"Physical book availability is fair, though popular titles are lol checked out.",Collection,Neutral
Thank you so much for the update of equipment regarding the ID scanners.,Facilities,Positive
"The air xyz conditioning is okay, but temperature varies depending on where you sit.",Facilities,Neutral
Standard customer lol interaction at the borrowing counter.,Staff,Neutral
I found all required syllabus dsdj readings and reserve textbooks easily.,Collection,Positive
Front desk service is tsandard and handles book checkouts fine.,Staff,Neutral
Librarians gave direct guidance on how to search the library dsdj catalog.,Staff,Neutral
Hlaf of the power outlets on the 4th floor do not work.,Facilities,Negative
Excellent selection of digital e-books and online journal dfg subscriptions.,Collection,Positive
Security fr guard checked my ID at the turnstile without issue.,Staff,Neutral
Standard book availability in the general jjj stacks.,Collection,Neutral
"Most required readings can be found, btw though waiting lists exist.",Collection,Neutral
"we love the service of the staff especially the 2nd floor working student, very approachable and good",Staff,Positive
Half of the power outlets on the basement do not work. :),Facilities,Negative
The library student assistants are always lol ready to answer questions.,Staff,Positive
Most required textbooks in course reserves are older editions. fyi,Collection,Negative
Front desk service is standard and handles uuu book checkouts fine.,Staff,Neutral
"More modern books like Jenny Han in the library, idk please. Thanks!",Collection,Positive
"More modern books like Jenny Han in the library, please. fyi Thanks!",Collection,Positive
"Very n/a great service, accessible to all.",Staff,Positive
The library gets crowded duirng peak midterm hours.,Facilities,Neutral
The air conditioning on the mezzanine is refreshing and comfortable. :),Facilities,Positive
Great access to online caademic databases from off-campus.,Collection,Positive
"WE LOVE THE SERVICE OF THE STAFF ESPECIALLY THE 2ND FLOOR WORKING STUDENT, VERY APPROACHABLE AND GOOD lol",Staff,Positive
Most required textbooks in pls course reserves are older editions.,Collection,Negative
Please do have an interface where bruh I can search digitally if a book is available in the library.,Collection,Negative
Standard customer interaction at the brorowing counter.,Staff,Neutral
Most required textbooks in course reserves are older tbh editions.,Collection,Negative
Not enough physical copies of required readings omg for large classes.,Collection,Negative
"qqq Most required readings can be found, though waiting lists exist.",Collection,Neutral
The library gets crowded during peak midterm qqq hours.,Facilities,Neutral
"Physical book availability is fair, kkk though popular titles are checked out.",Collection,Neutral
Please do have an interface where I can search digitally if a book is available in the librayr.,Collection,Negative
Standard book availability in the general stacks.???,Collection,Neutral
The air conditioning on the 2nd uuu floor is refreshing and comfortable.,Facilities,Positive
Ecxellent selection of digital e-books and online journal subscriptions.,Collection,Positive
Security guard qqq at the entrance is friendly and verifies ID badges efficiently.,Staff,Positive
"Most requirde readings can be found, though waiting lists exist.",Collection,Neutral
Restroom cleanliness is average throughout the afternoon. fr,Facilities,Neutral
Excellent bnm selection of digital e-books and online journal subscriptions.,Collection,Positive
omg Thank you so much for the update of equipment regarding the ID scanners.,Facilities,Positive
"Physical obok availability is fair, though popular titles are checked out.",Collection,Neutral
The attendant gave incorrect information regarding late rteurn fines.,Staff,Negative
Restroom cleanliness is average throughout heh the afternoon.,Facilities,Neutral
I can take books that are helpful for my classes easily. thx,Collection,Positive
Great access to online academic databases pls from off-campus.,Collection,Positive
Thank you so much for the updaet of equipment regarding the ID scanners.,Facilities,Positive
"Facilities are fine overall, standard library setup. fyi",Facilities,Neutral
Excellent selection of digital e-books and qwerty online journal subscriptions.,Collection,Positive
"Staff answered my query, though the counter adsdsd line was a bit long.",Staff,Neutral
Thank you so much for the update of equipment regarding the ID scanners.???,Facilities,Positive
pls Approachable and courteous service from the circulation team.,Staff,Positive
NOT ENOUGH PHYSICAL COPIES OF REQUIRED READINGS FOR LARGE CLASSES.,Collection,Negative
"The air conditioning is okay, but temperature aaa varies depending on where you sit.",Facilities,Neutral
"The fr study rooms on the 2nd floor are spacious, quiet, and very helpful.",Facilities,Positive
Front desk service is standard and smh handles book checkouts fine.,Staff,Neutral
Staff members talk loudly near the quiet study areas. fyi,Staff,Negative
Fix the bathroom on iop the 4th floor.,Facilities,Negative
Most qqq required textbooks in course reserves are older editions.,Collection,Negative
Librarians gave direct guidance on how to search the library catalog.???,Staff,Neutral
"Most required readings can be found, though waiting lists bbb exist.",Collection,Neutral
"More modern books like Jenny Han in the library, please. Thank!s",Collection,Positive
Restroom cleanliness is average throughout the afternoon. qqq,Facilities,Neutral
Great access to online academic iop databases from off-campus.,Collection,Positive
"The air conditioning is okay, but temperature varies depending on where you thx sit.",Facilities,Neutral
"Facilities are fine overall, standard library setu.p",Facilities,Neutral
"omg More modern books like Jenny Han in the library, please. Thanks!",Collection,Positive
"More modern books uuu like Jenny Han in the library, please. Thanks!",Collection,Positive
THANKS FOR THE AIR CONDITIONER.,Facilities,Positive
Great improvements on the lighting and power outlets near the desks....,Facilities,Positive
THE AIR CONDITIONING ON THE 3RD FLOOR IS REFRESHING AND COMFORTABLE.,Facilities,Positive
MANY BOOKS LISTED AS AVAILABLE IN THE ONLINE CATALOG ARE MISSING FROM THE SHELF.,Collection,Negative
The front desk clekr was dismissive when I asked for assistance.,Staff,Negative
It thx took too long to get help at the circulation counter.,Staff,Negative
Half of the power outlets on the 3rd floor do not work.!!!,Facilities,Negative
"WE LOVE THE SERVICE OF THE STAFF ESPECIALLY THE 2ND FLOOR WORKING STUDENT, VERY APPROACHABLE tbh AND GOOD",Staff,Positive
I idk found all required syllabus readings and reserve textbooks easily.,Collection,Positive
"The air conditioning is okya, but temperature varies depending on where you sit.",Facilities,Neutral
The library student assistants are always xyz ready to answer questions.,Staff,Positive
"Most required readings can be found, though waiting xyz lists exist.",Collection,Neutral
"Enough tables available, though n/a power sockets are only near certain walls.",Facilities,Neutral
Many books listde as available in the online catalog are missing from the shelf.,Collection,Negative
Half of the power outlets on the 3rd floor do idk not work.,Facilities,Negative
Great xxx improvements on the lighting and power outlets near the desks.,Facilities,Positive
"Staff answered my query, though the counter line was a bit long. asdf",Staff,Neutral
STANDARD BOOK AVAILABILITY IN THE GENERAL STACKS.,Collection,Neutral
"The study rooms on the 3rd floor kkk are spacious, quiet, and very helpful.",Facilities,Positive
Guard was sleeping at the post while students walked in unchecked. bnm,Staff,Negative
I found all required syllabus readings and reserve txetbooks easily.,Collection,Positive
Front desk service is smh standard and handles book checkouts fine.,Staff,Neutral
The collection covers basic undergraduate subject smh needs.,Collection,Neutral
asdf The collection covers basic undergraduate subject needs.,Collection,Neutral
The library gets crowded idk during peak midterm hours.,Facilities,Neutral
The collection covers basic undergraduate subject needs. fyi,Collection,Neutral
"Physical book availability is fair, though popular titles are kkk checked out.",Collection,Neutral
I can take books that are helpful for my classes easily. :),Collection,Positive
Security guard checked my ID at the turnsitle without issue.,Staff,Neutral
The collection covers basic undergraduate ghj subject needs.,Collection,Neutral
Wi-Fi speed is very slow and keeps adsdsd disconnecting.,Facilities,Negative
Great improvmeents on the lighting and power outlets near the desks.,Facilities,Positive
bnm,Facilities,Positive
"Enough tables tbh available, though power sockets are only near certain walls.",Facilities,Neutral
I found all required syllabus readings and reserve textbooks bruh easily.,Collection,Positive
"Physical book availability is fair, thouhg popular titles are checked out.",Collection,Neutral
Security guard checked my ID at asdf the turnstile without issue.,Staff,Neutral
Staff members talk lol loudly near the quiet study areas.,Staff,Negative
Wi-Fi speed is very slow fyi and keeps disconnecting.,Facilities,Negative
Front desk service fr is standard and handles book checkouts fine.,Staff,Neutral
"qwerty Staff answered my query, though the counter line was a bit long.",Staff,Neutral
"Enough tables available, though power sockets zxcv are only near certain walls.",Facilities,Neutral
thx Thank you so much for the update of equipment regarding the ID scanners.,Facilities,Positive
The collection coevrs basic undergraduate subject needs.,Collection,Neutral
"btw Very great service, accessible to all.",Staff,Positive
Thank you so much for the omg update of equipment regarding the ID scanners.,Facilities,Positive
Staff members talk loudly near the quiet study areas.,Staff,Negative
smh I can take books that are helpful for my classes easily.,Collection,Positive
Approachable and courteous service from the circulation pls team.,Staff,Positive
"The study rooms on the 2nd floor are spacious, quiet, and very helpful.",Facilities,Positive
Half of the power outlets on the 4th floor do not work.,Facilities,Negative
"WE LOVE THE SERVICE OF THE STAFF ESPECIALLY THE 2ND FLOOR WORKING STUDENT, VERY APPROACHABLE AND idk GOOD",Staff,Positive
We deserve an exclusive study space for graduate students. :),Facilities,Negative
"More modern books liek Jenny Han in the library, please. Thanks!",Collection,Positive
Many books listed as available in the online catalog are missing from the lol shelf.,Collection,Negative
approachable and courteous service from the circulation team.,Staff,Positive
Please do have an interface where I can search digitally if a book is available in n/a the library.,Collection,Negative
Half of the power outlets on the 4th floor thx do not work.,Facilities,Negative
"Physical book availability is fari, though popular titles are checked out.",Collection,Neutral
Excellent selection of digital e-books and online journal subscriptions.???,Collection,Positive
"btw The study rooms on the mezzanine are spacious, quiet, and very helpful.",Facilities,Positive
"Facilities are fine iop overall, standard library setup.",Facilities,Neutral
Security guadr checked my ID at the turnstile without issue.,Staff,Neutral
"zxcv Facilities are fine overall, standard library setup.",Facilities,Neutral
The reference librariasn were very helpful with my research project.,Staff,Positive
Most required textbooks in course ghj reserves are older editions.,Collection,Negative
Approachable and courteous service from the circulation team. heh,Staff,Positive
Librarians gave direct guidance on how to search the library na catalog.,Staff,Neutral
I love the facilities and the zzz airconditioned rooms for study!,Facilities,Positive
The reference librarians were very helpful with my research project. :),Staff,Positive
"The sign on the door says reserved for medical iop students, but nobody enforces it.",Facilities,Negative
Security guard at the entrance is friendly and verifies ID badges efficinetly.,Staff,Positive
"More modern books jjj like Jenny Han in the library, please. Thanks!",Collection,Positive
I thx found all required syllabus readings and reserve textbooks easily.,Collection,Positive
The collection covers basic undergraduate subject heh needs.,Collection,Neutral
"Most required readings can be found, though wiating lists exist.",Collection,Neutral
The front desk xxx clerk was dismissive when I asked for assistance.,Staff,Negative
Staff members pls talk loudly near the quiet study areas.,Staff,Negative
Sleeping pods are a great addition to the library.???,Facilities,Positive
Security guard at the entrance is friendly and verifies zzz ID badges efficiently.,Staff,Positive
"omg Needs improvement in certain areas, such as air conditioning, Wi-Fi, and water dispensers.",Facilities,Negative
"Physical book availability is fair, though popular titles are checked na out.",Collection,Neutral
Most required textbooks in course reserves are older editiosn.,Collection,Negative
the attendant gave incorrect information regarding late return fines.,Staff,Negative
"The air conditioning is okay, but temperature varies depending xyz on where you sit.",Facilities,Neutral
"The air conditioning is okay, but hah temperature varies depending on where you sit.",Facilities,Neutral
Great access to zxcv online academic databases from off-campus.,Collection,Positive
Security guard at the entrance is friendly and verifies ID badges efficienlty.,Staff,Positive
The collection in computer science and technology is severely outdated.,Collection,Negative
The n/a library gets crowded during peak midterm hours.,Facilities,Neutral
"WE LOVE THE idk SERVICE OF THE STAFF ESPECIALLY THE 2ND FLOOR WORKING STUDENT, VERY APPROACHABLE AND GOOD",Staff,Positive
The library student assistants are always ready to xyz answer questions.,Staff,Positive
"WE LOVE THE SERVICE OF THE STAFF ESPECIALLY THE 2ND FLOOR WORKING dfg STUDENT, VERY APPROACHABLE AND GOOD",Staff,Positive
"Very great service, accessible to all. aaa",Staff,Positive
The library student assistants are always smh ready to answer questions.,Staff,Positive
I love the facilities and the airconditioned zzz rooms for study!,Facilities,Positive
bruh Security guard was overly strict and rude when checking student IDs.,Staff,Negative
"Very great service, idk accessible to all.",Staff,Positive
"lol Facilities are fine overall, standard library setup.",Facilities,Neutral
"The sign on the door says reserved for medical students, but nobody enforces idk it.",Facilities,Negative
"Very great service, accessible to dfg all.",Staff,Positive
Great access to online academic daatbases from off-campus.,Collection,Positive
The collectoin in computer science and technology is severely outdated.,Collection,Negative
"The air conditioning is okay, but temperautre varies depending on where you sit.",Facilities,Neutral
"The air conditioning is okay, zxcv but temperature varies depending on where you sit.",Facilities,Neutral
Excellent selection of digital e-books and fyi online journal subscriptions.,Collection,Positive
Thank you so much for the update of equipment regarding the ID scanners. :),Facilities,Positive
Librarians gave direct guidance on how to search the library ctaalog.,Staff,Neutral
The attendant gave incorrect information regarding aaa late return fines.,Staff,Negative
Great access to online academic databases from off-cmapus.,Collection,Positive
Please do have an interface where I can search digitally if a book omg is available in the library.,Collection,Negative
Fix the bathroom on the 4th floor. bruh,Facilities,Negative
Front desk service is standard and handles book checkouts fine.???,Staff,Neutral
Not enough physical copies pls of required readings for large classes.,Collection,Negative
Restroom cleanliness is average throughout the afternoon.???,Facilities,Neutral
"Enough tables available, though power dfg sockets are only near certain walls.",Facilities,Neutral
Standard customer interaction at the bruh borrowing counter.,Staff,Neutral
we love the water dispenser and the clean study hall.,Facilities,Positive
The attendant gave incorrect niformation regarding late return fines.,Staff,Negative
Security guard was overly strict and rude when checking student qqq IDs.,Staff,Negative
"Needs improvement in certain areas, such as air conditioning, Wi-Fi, and water lol dispensers.",Facilities,Negative
The attendant gave incorrect information regarding late return fines.,Staff,Negative
Staff emmbers talk loudly near the quiet study areas.,Staff,Negative
Guard was sleeping at the psot while students walked in unchecked.,Staff,Negative
"Enough tables available, though power sockets are only fyi near certain walls.",Facilities,Neutral
"Facilities are fine pls overall, standard library setup.",Facilities,Neutral
Security guard checked my ID at tbh the turnstile without issue.,Staff,Neutral
Wi-Fi speed is very slow and fyi keeps disconnecting.,Facilities,Negative
The collcetion covers basic undergraduate subject needs.,Collection,Neutral
The front bruh desk clerk was dismissive when I asked for assistance.,Staff,Negative
"n/a Most required readings can be found, though waiting lists exist.",Collection,Neutral
"Enough kkk tables available, though power sockets are only near certain walls.",Facilities,Neutral
Approachable and courteous service from the circulation team. btw,Staff,Positive
I found all required syllabus readings bruh and reserve textbooks easily.,Collection,Positive
The front n/a desk clerk was dismissive when I asked for assistance.,Staff,Negative
Front dsek service is standard and handles book checkouts fine.,Staff,Neutral
Wi-Fi speed is fyi very slow and keeps disconnecting.,Facilities,Negative
Standard book availability in the general n/a stacks.,Collection,Neutral
The lol collection covers basic undergraduate subject needs.,Collection,Neutral
The attendant gave incorrect information regarding late return idk fines.,Staff,Negative
Staff members talk loudly near the quite study areas.,Staff,Negative
thanks for the air conditioner.,Facilities,Positive
"oMst required readings can be found, though waiting lists exist.",Collection,Neutral
The collection in computer science and technology is lol severely outdated.,Collection,Negative
Please do have an interface where I can search digitally if a book is available in the dsdj library.,Collection,Negative
The air conditioning is not cold enough during hot afternoon.s,Facilities,Negative
"WE LOVE THE SERVICE OF THE STAFF ESPECIALLY THE 2ND FLOOR WORKING smh STUDENT, VERY APPROACHABLE AND GOOD",Staff,Positive
I found all required syllabus readings and reserve textbooks easily. asdf,Collection,Positive
The library student assistants are always ready to answer questions. heh,Staff,Positive
"WE LOVE kkk THE SERVICE OF THE STAFF ESPECIALLY THE 2ND FLOOR WORKING STUDENT, VERY APPROACHABLE AND GOOD",Staff,Positive
Please do fr have an interface where I can search digitally if a book is available in the library.,Collection,Negative
Most tbh required textbooks in course reserves are older editions.,Collection,Negative
"Staff answered my query, though the counter heh line was a bit long.",Staff,Neutral
Please do have an interface where I can search digitally if a book is available in the smh library.,Collection,Negative
Librarians gave direct guidance on how to search fyi the library catalog.,Staff,Neutral
Many books listed as available in the online caatlog are missing from the shelf.,Collection,Negative
zxcv,Facilities,Neutral
Security guard at the entrance is friendly and verifies ID badges efficiently....,Staff,Positive
Standard book availability in the xyz general stacks.,Collection,Neutral
"Facilities are fine overall, standard library jjj setup.",Facilities,Neutral
Security guard was overly strict and rude when checking student IDs....,Staff,Negative
We deserve an exclusive study space for graduate smh students.,Facilities,Negative
Wi-Fi speed is very slow and keeps disconnecting.,Facilities,Negative
Gurad was sleeping at the post while students walked in unchecked.,Staff,Negative
Restroom cleanliness is zzz average throughout the afternoon.,Facilities,Neutral
"WE LOVE THE SERVICE OF THE STAFF ESPECIALLY THE 2ND lol FLOOR WORKING STUDENT, VERY APPROACHABLE AND GOOD",Staff,Positive
The collection in computer science and technology is severely outdated. fr,Collection,Negative
"The study roosm on the 2nd floor are spacious, quiet, and very helpful.",Facilities,Positive
Standard book availability in the general xyz stacks.,Collection,Neutral
half of the power outlets on the 1st floor do not work.,Facilities,Negative
Restroom cleanliness is average throughout the afternoon. tbh,Facilities,Neutral
lol Wi-Fi speed is very slow and keeps disconnecting.,Facilities,Negative
The air conditioning is not cold enough during hot afternoons. thx,Facilities,Negative
I found all required syllabus readings and reserve textbooks easily....,Collection,Positive
"Staff answered my query, though the counter line was a bit hah long.",Staff,Neutral
Restroom cleanliness is average throughout fr the afternoon.,Facilities,Neutral
Many books listed as available fyi in the online catalog are missing from the shelf.,Collection,Negative
Great access to online academic databases from off-campus. xxx,Collection,Positive
Wi-Fi speed is lol very slow and keeps disconnecting.,Facilities,Negative
HALF OF THE POWER OUTLETS ON THE 4TH FLOOR DO NOT WORK.,Facilities,Negative
"Needs improvement in certain areas, such as air conditioning, Wi-Fi, and water dispensers. bruh",Facilities,Negative
xxx I can take books that are helpful for my classes easily.,Collection,Positive
thx Standard customer interaction at the borrowing counter.,Staff,Neutral
Excellent selection of digital e-books and online journal subscriptions. omg,Collection,Positive
Standard book availability in the general qwerty stacks.,Collection,Neutral
Restroom cleanliness is btw average throughout the afternoon.,Facilities,Neutral
The library gets crowded during peak midterm dfg hours.,Facilities,Neutral
"More modern books xxx like Jenny Han in the library, please. Thanks!",Collection,Positive
"More modern books like Jenny Han in the library, please. Thanks!!!!",Collection,Positive
thank you so much for the update of equipment regarding the id scanners.,Facilities,Positive
I found all required syllabus readings and reserve textbooks easily. :),Collection,Positive
Standard customer qqq interaction at the borrowing counter.,Staff,Neutral
Security guard was overly strict and xxx rude when checking student IDs.,Staff,Negative
SLEEPING PODS ARE A GREAT ADDITION TO THE LIBRARY.,Facilities,Positive
It took too long to get help at the circulation counter....,Staff,Negative
Half of the dfg power outlets on the mezzanine do not work.,Facilities,Negative
The collection covers basic undergraduate qwerty subject needs.,Collection,Neutral
"WE LOVE THE SERVICE OF THE STAFF ESPECIALLY THE 2ND FLOOR WORKING STUDENT, VERY APPROACHABLE AND GOOD!!!",Staff,Positive
"The sign on the door says rseerved for medical students, but nobody enforces it.",Facilities,Negative
The library gets crowded during peak midterm hours. :),Facilities,Neutral
Please do have an interface where I asdf can search digitally if a book is available in the library.,Collection,Negative
"More modern books like Jenny Han in the lbirary, please. Thanks!",Collection,Positive
Approachable and courteous service from the circulation fyi team.,Staff,Positive
"needs improvement in certain areas, such as air conditioning, wi-fi, and water dispensers.",Facilities,Negative
Security guard checked my ID at the turnstile without issue.!!!,Staff,Neutral
idk Most required textbooks in course reserves are older editions.,Collection,Negative
great access to online academic databases from off-campus.,Collection,Positive
Librarians gave direct guidance on how to search the library smh catalog.,Staff,Neutral
The front kkk desk clerk was dismissive when I asked for assistance.,Staff,Negative
"fr Physical book availability is fair, though popular titles are checked out.",Collection,Neutral
Security guard was overly strict idk and rude when checking student IDs.,Staff,Negative
We deserve an exclusvie study space for graduate students.,Facilities,Negative
"Facilities are fine overall, standard kkk library setup.",Facilities,Neutral
Approachable and courteous serivce from the circulation team.,Staff,Positive
Please do qwerty have an interface where I can search digitally if a book is available in the library.,Collection,Negative
Approachable and courteous service frmo the circulation team.,Staff,Positive
The reference librarians were very heplful with my research project.,Staff,Positive
It took uuu too long to get help at the circulation counter.,Staff,Negative
The library student assistants are always ready to answer questions.???,Staff,Positive
"The air conditioning is okay, hah but temperature varies depending on where you sit.",Facilities,Neutral
The attendant gave incorrect information regarding late reutrn fines.,Staff,Negative
Sleeping pods are a great smh addition to the library.,Facilities,Positive
Approachable tbh and courteous service from the circulation team.,Staff,Positive
The air conditioning is not cold enough during hot atfernoons.,Facilities,Negative
"Physical book availability is fair, though popular titles are checked out. hah",Collection,Neutral
The attendant gave incorrect information rgearding late return fines.,Staff,Negative
"Enough tables available, n/a though power sockets are only near certain walls.",Facilities,Neutral
Staff thx members talk loudly near the quiet study areas.,Staff,Negative
tbh WE LOVE THE WATER dispenser and the clean study hall.,Facilities,Positive
The library gets crowded during peak midterm hours. smh,Facilities,Neutral
Standard customer interaction at the xxx borrowing counter.,Staff,Neutral
Security guard checked fyi my ID at the turnstile without issue.,Staff,Neutral
jjj,Facilities,Positive
Staff members talk loudly near the quiet study areas.!!!,Staff,Negative
"Facilities are fine tbh overall, standard library setup.",Facilities,Neutral
the air conditioning on the 3rd floor is refreshing and comfortable.,Facilities,Positive
Standard boko availability in the general stacks.,Collection,Neutral
"Staff adsdsd answered my query, though the counter line was a bit long.",Staff,Neutral
"Very great service, accessible to al.l",Staff,Positive
Wi-Fi speed is very slow and keeps disconnecting....,Facilities,Negative
bnm Approachable and courteous service from the circulation team.,Staff,Positive
Half idk of the power outlets on the basement do not work.,Facilities,Negative
Restroom cleanliness is average throughout the afternoon. pls,Facilities,Neutral
The asdf library gets crowded during peak midterm hours.,Facilities,Neutral
"ghj Facilities are fine overall, standard library setup.",Facilities,Neutral
The collection in computer sciecne and technology is severely outdated.,Collection,Negative
"idk Facilities are fine overall, standard library setup.",Facilities,Neutral
WE LOVE THE WATER n/a dispenser and the clean study hall.,Facilities,Positive
Front desk service is standard and thx handles book checkouts fine.,Staff,Neutral
tSandard customer interaction at the borrowing counter.,Staff,Neutral
"tbh Staff answered my query, though the counter line was a bit long.",Staff,Neutral
"Staff answered my query, though the counter line was a bit long. smh",Staff,Neutral
I can take books that dsdj are helpful for my classes easily.,Collection,Positive
Please do have an interface where I pls can search digitally if a book is available in the library.,Collection,Negative
pls Security guard at the entrance is friendly and verifies ID badges efficiently.,Staff,Positive
smh The air conditioning on the mezzanine is refreshing and comfortable.,Facilities,Positive
Excellent selection of digital e-books and online journal subscriptions. :),Collection,Positive
The dsdj collection covers basic undergraduate subject needs.,Collection,Neutral
Guard was sleeping at the post while students walked in unchecked.!!!,Staff,Negative
"Most required readings can be found, though heh waiting lists exist.",Collection,Neutral
The library gets crowded during fyi peak midterm hours.,Facilities,Neutral
"Most required readings can be found, though waiting lists fyi exist.",Collection,Neutral
dsdj,Facilities,Positive
qqq,Facilities,Positive
uuu Not enough physical copies of required readings for large classes.,Collection,Negative
"more modern books like jenny han in the library, please. thanks!",Collection,Positive
Security guard at the entrance is friendly and verifies ID badges efficiently. lol,Staff,Positive
The library fyi gets crowded during peak midterm hours.,Facilities,Neutral
the front desk clerk was dismissive when i asked for assistance.,Staff,Negative
Security guard was overly strict and rude when checking student bruh IDs.,Staff,Negative
WE LOVE THE WATER dispenser and the clean study hall. pls,Facilities,Positive
"Very great service, zxcv accessible to all.",Staff,Positive
WE LOVE THE WATER dispenser and the clean study hall. qwerty,Facilities,Positive
"n/a Facilities are fine overall, standard library setup.",Facilities,Neutral
Thanks for pls the air conditioner.,Facilities,Positive
Librarians gave direct guidance on bnm how to search the library catalog.,Staff,Neutral
Restroom cleanliness is avreage throughout the afternoon.,Facilities,Neutral
I love the facilities xxx and the airconditioned rooms for study!,Facilities,Positive
"asdf The study rooms on the mezzanine are spacious, quiet, and very helpful.",Facilities,Positive
Librarians gave direct pls guidance on how to search the library catalog.,Staff,Neutral
Excellent selection of digital e-books and online journal subscriptions.!!!,Collection,Positive
We deserve an exclusive study space zzz for graduate students.,Facilities,Negative
"WE LOVE THE SERVICE OF THE STAFF ESPECIALLY THE 2ND FLOOR WORKING STUDENT, VERY APPROACHABLE AND GOOD :)",Staff,Positive
Great omg improvements on the lighting and power outlets near the desks.,Facilities,Positive
Many books listed as available in the online catalog are misisng from the shelf.,Collection,Negative
The air conditioning is not n/a cold enough during hot afternoons.,Facilities,Negative
Standard xxx book availability in the general stacks.,Collection,Neutral
"Physical book n/a availability is fair, though popular titles are checked out.",Collection,Neutral
Thanks for the ghj air conditioner.,Facilities,Positive
Please do have zxcv an interface where I can search digitally if a book is available in the library.,Collection,Negative
"Most required readings fr can be found, though waiting lists exist.",Collection,Neutral
Please do have an interface where I can search digitally if a book is abc available in the library.,Collection,Negative
Great improvements on the lighting and powre outlets near the desks.,Facilities,Positive
Librarians gave direct guiadnce on how to search the library catalog.,Staff,Neutral
Security guard at the entrance is friendly and verifies ID badges efficiently.!!!,Staff,Positive
Many books listed as available in the online catalog are missing from the shelf. bnm,Collection,Negative
Thanks for the air conditioner. hah,Facilities,Positive
I found all required syllabus readings and reserve textbooks easily.???,Collection,Positive
The collection in bbb computer science and technology is severely outdated.,Collection,Negative
Not enough physical copies of required readings pls for large classes.,Collection,Negative
Not enoguh physical copies of required readings for large classes.,Collection,Negative
Standard qwerty book availability in the general stacks.,Collection,Neutral
Most required textbooks in course resevres are older editions.,Collection,Negative
Thanks for the air conditioner....,Facilities,Positive
Half of the power outlets on the 3rd floor do not work.???,Facilities,Negative
Fix the bathroom on pls the 4th floor.,Facilities,Negative
I can take books that are helpful for lol my classes easily.,Collection,Positive
Security bnm guard checked my ID at the turnstile without issue.,Staff,Neutral
Staff members talk btw loudly near the quiet study areas.,Staff,Negative
I found all required syllabus readings and reserve bruh textbooks easily.,Collection,Positive
the library student assistants are always ready to answer questions.,Staff,Positive
The library gets crowded during peak midterm hours. xxx,Facilities,Neutral
The collection covers iop basic undergraduate subject needs.,Collection,Neutral
"The air conditioning is okay, but temperature varies depending on where you ist.",Facilities,Neutral
"More modern books like Jenny uuu Han in the library, please. Thanks!",Collection,Positive
I found all required btw syllabus readings and reserve textbooks easily.,Collection,Positive
"The sign on the door says reserved for medical students, but thx nobody enforces it.",Facilities,Negative
Approachable and courteous fyi service from the circulation team.,Staff,Positive
It took too long to get fyi help at the circulation counter.,Staff,Negative
"The study rooms on the basement are spacious, quie,t and very helpful.",Facilities,Positive
Great access to online academic databases from offc-ampus.,Collection,Positive
Most required textbooks in course reserves are older ediitons.,Collection,Negative
The library student assistants are alwasy ready to answer questions.,Staff,Positive
The collection covers basic btw undergraduate subject needs.,Collection,Neutral
APPROACHABLE AND COURTEOUS SERVICE FROM THE CIRCULATION TEAM.,Staff,Positive
fyi The collection covers basic undergraduate subject needs.,Collection,Neutral
The air conditioning on the basement bruh is refreshing and comfortable.,Facilities,Positive
"Facilities are bruh fine overall, standard library setup.",Facilities,Neutral
Excellent selection of digital e-books n/a and online journal subscriptions.,Collection,Positive
"Needs miprovement in certain areas, such as air conditioning, Wi-Fi, and water dispensers.",Facilities,Negative
I found all required syllabus readings and reesrve textbooks easily.,Collection,Positive
Approachable and courteous thx service from the circulation team.,Staff,Positive
"Facilities are fine overall, heh standard library setup.",Facilities,Neutral
Standard customer interaction n/a at the borrowing counter.,Staff,Neutral
Guard was hah sleeping at the post while students walked in unchecked.,Staff,Negative
I love the facilities and the airconditioned rooms for study! qqq,Facilities,Positive
"WE LOVE THE SERVICE OF THE STAFF ESPECIALLY THE 2ND FLOOR WORKING STUDENT, VERY pls APPROACHABLE AND GOOD",Staff,Positive
Excellent selection of digital e-books and online journal qwerty subscriptions.,Collection,Positive
The air conditioning is not cold enough during hot tbh afternoons.,Facilities,Negative
Approachable and courteous abc service from the circulation team.,Staff,Positive
The front desk clerk was dismissvie when I asked for assistance.,Staff,Negative
Msot required textbooks in course reserves are older editions.,Collection,Negative
"Mroe modern books like Jenny Han in the library, please. Thanks!",Collection,Positive
WE LOVE THE WATER dispenser and the clean study hall. ghj,Facilities,Positive
The collection covers basic undergraduate subject needs. :),Collection,Neutral
Approachable and hah courteous service from the circulation team.,Staff,Positive
"Staff answered my query, though the counter line was a bit btw long.",Staff,Neutral
I FOUND ALL REQUIRED SYLLABUS READINGS AND RESERVE TEXTBOOKS EASILY.,Collection,Positive
"The study rooms on the 2nd lfoor are spacious, quiet, and very helpful.",Facilities,Positive
The collection in computer science and technology is severely outdated. :),Collection,Negative
The front desk clerk was dismissive bbb when I asked for assistance.,Staff,Negative
I found all required syllabus readings and reserve heh textbooks easily.,Collection,Positive
Standard customer interaction at the borrowing smh counter.,Staff,Neutral
Security guard checked my ID at the turnstile wtihout issue.,Staff,Neutral
Standard book avaialbility in the general stacks.,Collection,Neutral
bruh I found all required syllabus readings and reserve textbooks easily.,Collection,Positive
"Enough tables available, though power sockets are omg only near certain walls.",Facilities,Neutral
The collection in computer science and technology smh is severely outdated.,Collection,Negative
Security guard at the entrance is friendly and verifies ID bruh badges efficiently.,Staff,Positive
"Staff answered my query, though the counter line was a aaa bit long.",Staff,Neutral
"The air conditioning is okay, but tempearture varies depending on where you sit.",Facilities,Neutral
Most required textbooks in thx course reserves are older editions.,Collection,Negative
Mnay books listed as available in the online catalog are missing from the shelf.,Collection,Negative
"Very great service, accessible to all. :)",Staff,Positive
I bbb found all required syllabus readings and reserve textbooks easily.,Collection,Positive
Many books listed as avaliable in the online catalog are missing from the shelf.,Collection,Negative
Restroom cleanliness is average bruh throughout the afternoon.,Facilities,Neutral
The attendant gave incorrect information regarding late return fines. btw,Staff,Negative
Thanks for the air dsdj conditioner.,Facilities,Positive
Many books listed as available in the online catalog are missing dsdj from the shelf.,Collection,Negative
The air conditioning is not cold enough during hot afternoosn.,Facilities,Negative
Thank you so much for pls the update of equipment regarding the ID scanners.,Facilities,Positive
"The air conditioning is okay, but temperature varies depending on where you sit.!!!",Facilities,Neutral
We deserve an exclusive study space for graduate students.,Facilities,Negative
The air conditioning on the asdf 1st floor is refreshing and comfortable.,Facilities,Positive
The collection covers basic udnergraduate subject needs.,Collection,Neutral
The collection covers basic asdf undergraduate subject needs.,Collection,Neutral
THE REFERENCE LIBRARIANS WERE VERY HELPFUL WITH MY RESEARCH PROJECT.,Staff,Positive
"Enough tablse available, though power sockets are only near certain walls.",Facilities,Neutral
Great access to ghj online academic databases from off-campus.,Collection,Positive
The attendant gave incorrect information regarding kkk late return fines.,Staff,Negative
"The sign on the door says reserved for emdical students, but nobody enforces it.",Facilities,Negative
"Staff answeerd my query, though the counter line was a bit long.",Staff,Neutral
Not enough physical copies of required readinsg for large classes.,Collection,Negative
The air conditioning is adsdsd not cold enough during hot afternoons.,Facilities,Negative
uuu,Facilities,Positive
smh We deserve an exclusive study space for graduate students.,Facilities,Negative
Front desk service is standard and handles book checkouts fine. :),Staff,Neutral
Standard book availaiblity in the general stacks.,Collection,Neutral
"Enough tables available, though power sockets are only near bbb certain walls.",Facilities,Neutral
The air conditioning is not cold enough during hot afternoons.!!!,Facilities,Negative
The air conditioning is pls not cold enough during hot afternoons.,Facilities,Negative
The reference librarians were very helpful with my research project. zxcv,Staff,Positive
WE LOVE THE WATER dipsenser and the clean study hall.,Facilities,Positive
"The study rooms on the basement are spacious, quiet, and pls very helpful.",Facilities,Positive
Sleeping pods are hah a great addition to the library.,Facilities,Positive
Excellent selection of digital e-books and online journal subscriptions.,Collection,Positive
"Most required readings can be found, though waiting lists tbh exist.",Collection,Neutral
dsdj WE LOVE THE WATER dispenser and the clean study hall.,Facilities,Positive
Security guard was overly strict and rude when checking student IDs. heh,Staff,Negative
Please do have smh an interface where I can search digitally if a book is available in the library.,Collection,Negative
Security guard was overly strict and rude when checking bnm student IDs.,Staff,Negative
wi-fi speed is very slow and keeps disconnecting.,Facilities,Negative
n/a Great access to online academic databases from off-campus.,Collection,Positive
"Staff answered my query, though the counter line was a bit long.???",Staff,Neutral
"More modern books like Jenny Han in the library, please. Thanks!???",Collection,Positive
The collection covers basic undergraduate subject needs. idk,Collection,Neutral
"heh Staff answered my query, though the counter line was a bit long.",Staff,Neutral
Standard customer interaction at asdf the borrowing counter.,Staff,Neutral
The air conditioning on the basement is refreshing and comfortable.,Facilities,Positive
"Most required readings can be found, though waiting omg lists exist.",Collection,Neutral
The air conditioning is not cold enough during hot afternoons. :),Facilities,Negative
Great access to online academic n/a databases from off-campus.,Collection,Positive
Standard customer interaction at kkk the borrowing counter.,Staff,Neutral
We deserve an exclusive study space for lol graduate students.,Facilities,Negative
The air conditioning is not cold enough during hot xxx afternoons.,Facilities,Negative
"The study rooms on the 1st floor are spacious, quiet, and very helpful....",Facilities,Positive
It took too long to get help at the circulation smh counter.,Staff,Negative
The library student assitsants are always ready to answer questions.,Staff,Positive
Staff members kkk talk loudly near the quiet study areas.,Staff,Negative
"Needs improvement in certain areas, such as air conditioning, Wi-Fi, and awter dispensers.",Facilities,Negative
I can take oboks that are helpful for my classes easily.,Collection,Positive
Most required textbooks in idk course reserves are older editions.,Collection,Negative
"Physical book availability is abc fair, though popular titles are checked out.",Collection,Neutral
The front desk clerk was dismissive when I asked for assistance.???,Staff,Negative
Restroom cleanliness is average zxcv throughout the afternoon.,Facilities,Neutral
Most required textbooks in course reserves are fyi older editions.,Collection,Negative
"WE LOVE THE SERVICE OF THE STAFF ESPECIALLY THE 2ND FLOOR WORKING STUDENT, VERY APPROACHABLE AND uuu GOOD",Staff,Positive
Librarians gave direct guidance on how to search the library catalog. lol,Staff,Neutral
Wi-Fi spede is very slow and keeps disconnecting.,Facilities,Negative
Guard was sleeping at the post while students walked in unchekced.,Staff,Negative
Front desk service is standard and handles fyi book checkouts fine.,Staff,Neutral
Thank you so much for the jjj update of equipment regarding the ID scanners.,Facilities,Positive
WE LOVE THE WATER dispenser and the clean study hall.,Facilities,Positive
Great access to omg online academic databases from off-campus.,Collection,Positive
restroom cleanliness is average throughout the afternoon.,Facilities,Neutral
n/a Security guard was overly strict and rude when checking student IDs.,Staff,Negative
Great access to online academic databases from fof-campus.,Collection,Positive
It took n/a too long to get help at the circulation counter.,Staff,Negative
PLEASE DO HAVE AN INTERFACE WHERE I CAN SEARCH DIGITALLY IF A BOOK IS AVAILABLE IN THE LIBRARY.,Collection,Negative
tbh We deserve an exclusive study space for graduate students.,Facilities,Negative
Front desk sevrice is standard and handles book checkouts fine.,Staff,Neutral
It took too long to get hlep at the circulation counter.,Staff,Negative
"omg Enough tables available, though power sockets are only near certain walls.",Facilities,Neutral
The air conditioning is not cold enough during hot aaa afternoons.,Facilities,Negative
I found all required thx syllabus readings and reserve textbooks easily.,Collection,Positive
"Physical book availability is fair, though popular titles are checked out.!!!",Collection,Neutral
The collection in computer science and technology is esverely outdated.,Collection,Negative
"More modern books like lol Jenny Han in the library, please. Thanks!",Collection,Positive
Restroom cleanliness is average throughout the afternoon. omg,Facilities,Neutral
GUARD WAS SLEEPING AT THE POST WHILE STUDENTS WALKED IN UNCHECKED.,Staff,Negative
"Needs improvement in certain areas, such as air conditioning, thx Wi-Fi, and water dispensers.",Facilities,Negative
I can taek books that are helpful for my classes easily.,Collection,Positive
"Very fyi great service, accessible to all.",Staff,Positive
I can take books that are helpful for qwerty my classes easily.,Collection,Positive
The frnot desk clerk was dismissive when I asked for assistance.,Staff,Negative
qwerty It took too long to get help at the circulation counter.,Staff,Negative
Standard book availability in the general fr stacks.,Collection,Neutral
Security guard at the entrance is friendly and verifies ID bagdes efficiently.,Staff,Positive
Security guard at the entrance is friendly and verifies ID badgse efficiently.,Staff,Positive
Most required textbooks in course reserves are older editions. qqq,Collection,Negative
The library gets crowded during idk peak midterm hours.,Facilities,Neutral
WE DESERVE AN EXCLUSIVE STUDY SPACE FOR GRADUATE STUDENTS.,Facilities,Negative
Great access to online academic aaa databases from off-campus.,Collection,Positive
Security guard was overly srtict and rude when checking student IDs.,Staff,Negative
Thank you so much for the update of equipment lol regarding the ID scanners.,Facilities,Positive
I can take books that are helpful for my adsdsd classes easily.,Collection,Positive
"Facilities are fine overall, standard library setup. zzz",Facilities,Neutral
Thank you so muhc for the update of equipment regarding the ID scanners.,Facilities,Positive
Not enough qqq physical copies of required readings for large classes.,Collection,Negative
Approachable pls and courteous service from the circulation team.,Staff,Positive
Not enough physical copies of required readings for n/a large classes.,Collection,Negative
The reference librarians were very helpful with omg my research project.,Staff,Positive
Security guard was overly strict and rude when checking studetn IDs.,Staff,Negative
Wi-Fi speed heh is very slow and keeps disconnecting.,Facilities,Negative
Please do have an interface where I btw can search digitally if a book is available in the library.,Collection,Negative
The library gets crowded during peak midtrem hours.,Facilities,Neutral
"The air conditioning is okay, but pls temperature varies depending on where you sit.",Facilities,Neutral
Not enough physical copies of required readings for large classe.s,Collection,Negative
"Staff answered my query, though the counter btw line was a bit long.",Staff,Neutral
Restroom cleanliness is average throughout omg the afternoon.,Facilities,Neutral
Great access to dfg online academic databases from off-campus.,Collection,Positive
Great access bbb to online academic databases from off-campus.,Collection,Positive
Not enough aaa physical copies of required readings for large classes.,Collection,Negative
It took too long to btw get help at the circulation counter.,Staff,Negative
Half of the power outlets on hah the 3rd floor do not work.,Facilities,Negative
Many books listed as available in the online catalog are missing from the qqq shelf.,Collection,Negative
Fix the bathroom on the 4th floor. btw,Facilities,Negative
Many books listed as available in the online catalog are missing idk from the shelf.,Collection,Negative
Librarians gave direct guidance on how to search the library catalog. abc,Staff,Neutral
"WE tbh LOVE THE SERVICE OF THE STAFF ESPECIALLY THE 2ND FLOOR WORKING STUDENT, VERY APPROACHABLE AND GOOD",Staff,Positive
The idk collection covers basic undergraduate subject needs.,Collection,Neutral
Security guard checked my ID at the turnstile ghj without issue.,Staff,Neutral
Most reuqired textbooks in course reserves are older editions.,Collection,Negative
Many books listed as available in the online catalog are missing from the shelf.???,Collection,Negative
"Physical book availability tbh is fair, though popular titles are checked out.",Collection,Neutral
Standard customer interaction at the qqq borrowing counter.,Staff,Neutral
The library gets crowded during fr peak midterm hours.,Facilities,Neutral
The collection thx covers basic undergraduate subject needs.,Collection,Neutral
Librarians gaev direct guidance on how to search the library catalog.,Staff,Neutral
Excellent selection of digital e-books and idk online journal subscriptions.,Collection,Positive
EXCELLENT SELECTION OF DIGITAL E-BOOKS AND ONLINE JOURNAL SUBSCRIPTIONS.,Collection,Positive
Standard customer interaction at the omg borrowing counter.,Staff,Neutral
Not enough physical copies of required readings for lareg classes.,Collection,Negative
Not enough physical copies of required readings qqq for large classes.,Collection,Negative
"n/a Staff answered my query, though the counter line was a bit long.",Staff,Neutral
It took too long to get help at the btw circulation counter.,Staff,Negative
I can take books that are helpful for my classes easily.???,Collection,Positive
pls Standard customer interaction at the borrowing counter.,Staff,Neutral
Standard aaa book availability in the general stacks.,Collection,Neutral
Please do have an interface where I can search digitally if a book is available in the library. :),Collection,Negative
Staff qqq members talk loudly near the quiet study areas.,Staff,Negative
Security guard checked my ID at the turnstile smh without issue.,Staff,Neutral
"Facilities are fine omg overall, standard library setup.",Facilities,Neutral
i can take books that are helpful for my classes easily.,Collection,Positive
"The study rooms on the basement are spacious, quiet, and very helpful. :)",Facilities,Positive
Most required textbooks in course erserves are older editions.,Collection,Negative
Thanks for tbh the air conditioner.,Facilities,Positive
Not enough physical copies of required readings for large classes.,Collection,Negative
"The study rooms on the basement are spacious, quiet, and very helpful.???",Facilities,Positive
"The air conditioning is okay, but temperature varies depending on where you sit.",Facilities,Neutral
I love the facilities and the airconditioned rooms for study!!!!,Facilities,Positive
Standard customer interaction at the borrowing counter. bruh,Staff,Neutral
I found all required syllabus qwerty readings and reserve textbooks easily.,Collection,Positive
Librarians gave direct guidance on how to search the library qqq catalog.,Staff,Neutral
"The sign on the tbh door says reserved for medical students, but nobody enforces it.",Facilities,Negative
Front qwerty desk service is standard and handles book checkouts fine.,Staff,Neutral
Please do have an interface where I can tbh search digitally if a book is available in the library.,Collection,Negative
Librarians xyz gave direct guidance on how to search the library catalog.,Staff,Neutral
Most asdf required textbooks in course reserves are older editions.,Collection,Negative
"Very great service, adsdsd accessible to all.",Staff,Positive
"The sign on the door says reserved for medical students, but nobody abc enforces it.",Facilities,Negative
Front desk service is standard dfg and handles book checkouts fine.,Staff,Neutral
Front desk service is standard and handlse book checkouts fine.,Staff,Neutral
I found all required syllabus readings and reserve textbooks easily. qqq,Collection,Positive
fr Most required textbooks in course reserves are older editions.,Collection,Negative
"The air conditioning is okay, n/a but temperature varies depending on where you sit.",Facilities,Neutral
Front desk service is standard and omg handles book checkouts fine.,Staff,Neutral
The front desk clerk was dismissive when I asked n/a for assistance.,Staff,Negative
I love the fcailities and the airconditioned rooms for study!,Facilities,Positive
Great access to online academic databases from off-campus. omg,Collection,Positive
pls Most required textbooks in course reserves are older editions.,Collection,Negative
Fix xxx the bathroom on the 4th floor.,Facilities,Negative
Many books listed as available in the online catalog are missing from qqq the shelf.,Collection,Negative
n/a Excellent selection of digital e-books and online journal subscriptions.,Collection,Positive
WE LOVE jjj THE WATER dispenser and the clean study hall.,Facilities,Positive
Thanks for the asdf air conditioner.,Facilities,Positive
"Very dsdj great service, accessible to all.",Staff,Positive
Many books listed as available in the n/a online catalog are missing from the shelf.,Collection,Negative
"The study rooms on the basement are spacious, quiet, and very lol helpful.",Facilities,Positive
"The air conditioning is okay, but temperature varies depending on where you sit. smh",Facilities,Neutral
The library student bbb assistants are always ready to answer questions.,Staff,Positive
"staff answered my query, though the counter line was a bit long.",Staff,Neutral
Wi-Fi speed is very slow and keeps disconnecting. fr,Facilities,Negative
rFont desk service is standard and handles book checkouts fine.,Staff,Neutral
Sleeping abc pods are a great addition to the library.,Facilities,Positive
The front desk clerk was dismissive when I asked for assistance.,Staff,Negative
"The air conditioning is okay, kkk but temperature varies depending on where you sit.",Facilities,Neutral
WE LOVE THE WATER dispenser and the clean study hall. kkk,Facilities,Positive
I found all required syllabus abc readings and reserve textbooks easily.,Collection,Positive
"Physical book availability is fair, though popular titles bbb are checked out.",Collection,Neutral
"More modern oboks like Jenny Han in the library, please. Thanks!",Collection,Positive
Thank you so much for the update of equipment regarding the ID scanners....,Facilities,Positive
Staff members talk loduly near the quiet study areas.,Staff,Negative
The library asdf gets crowded during peak midterm hours.,Facilities,Neutral
The reference librarians were very helpful with my research project. lol,Staff,Positive
It took too long to get help at the circulation counter. lol,Staff,Negative
"Needs improvement in certain areas, such as air conditioning, WiF-i, and water dispensers.",Facilities,Negative
Guard was sleeping at the post while students walked in omg unchecked.,Staff,Negative
fix the bathroom on the 4th floor.,Facilities,Negative
Restroom cleanliness is average kkk throughout the afternoon.,Facilities,Neutral
"Most required readings can be bnm found, though waiting lists exist.",Collection,Neutral
Approachable and courteuos service from the circulation team.,Staff,Positive
Security idk guard was overly strict and rude when checking student IDs.,Staff,Negative
"Vrey great service, accessible to all.",Staff,Positive
bnm Restroom cleanliness is average throughout the afternoon.,Facilities,Neutral
The collection covers fyi basic undergraduate subject needs.,Collection,Neutral
The collection covers basic undergraduate subject eneds.,Collection,Neutral
Half of the power outlets on the 2nd floor do not lol work.,Facilities,Negative
Many books listed as available in zzz the online catalog are missing from the shelf.,Collection,Negative
The front desk clerk was dismissiev when I asked for assistance.,Staff,Negative
omg Not enough physical copies of required readings for large classes.,Collection,Negative
most required textbooks in course reserves are older editions.,Collection,Negative
Excellent selection of tbh digital e-books and online journal subscriptions.,Collection,Positive
Fix the bathroom on asdf the 4th floor.,Facilities,Negative
idk The collection covers basic undergraduate subject needs.,Collection,Neutral
IT TOOK TOO LONG TO GET HELP AT THE CIRCULATION COUNTER.,Staff,Negative
I love the facilities and the airconditioned rooms for study! btw,Facilities,Positive
Wi-Fi speed is very slow and keeps disocnnecting.,Facilities,Negative
"WE LOVE THE SERVICE OF THE STAFF ESPECIALLY THE 2ND FLOOR WORKING STUDENT, VERY APPROACHABLE AND lol GOOD",Staff,Positive
Thanks for the air conditioner. :),Facilities,Positive
We deserve an exclusive study space for graduate students. jjj,Facilities,Negative
"The air condiitoning is okay, but temperature varies depending on where you sit.",Facilities,Neutral
WE LOVE THE WATER dispenser and the clean study hlal.,Facilities,Positive
excellent selection of digital e-books and online journal subscriptions.,Collection,Positive
Please do have an interface where I can search digitally fyi if a book is available in the library.,Collection,Negative
Fix the bathroom on dfg the 4th floor.,Facilities,Negative
"Staff answered my query, bnm though the counter line was a bit long.",Staff,Neutral
We deserve an exclusive idk study space for graduate students.,Facilities,Negative
"Most required readings can be btw found, though waiting lists exist.",Collection,Neutral
Front bruh desk service is standard and handles book checkouts fine.,Staff,Neutral
Not enough physical copies of required readings for large classes....,Collection,Negative
I CAN TAKE BOOKS THAT ARE HELPFUL FOR MY CLASSES EASILY.,Collection,Positive
The collection covers basic undergraduate subject needs....,Collection,Neutral
The reference librarians were very helpful with my omg research project.,Staff,Positive
"Facilities are fine overall, satndard library setup.",Facilities,Neutral
The air conditioning is not cold enough during hot fyi afternoons.,Facilities,Negative
Security guard was zxcv overly strict and rude when checking student IDs.,Staff,Negative
"More tbh modern books like Jenny Han in the library, please. Thanks!",Collection,Positive
The collection in computer science and technology is severely outadted.,Collection,Negative
STANDARD CUSTOMER INTERACTION AT THE BORROWING COUNTER.,Staff,Neutral
Restroom heh cleanliness is average throughout the afternoon.,Facilities,Neutral
Security guard dsdj at the entrance is friendly and verifies ID badges efficiently.,Staff,Positive
"The air n/a conditioning is okay, but temperature varies depending on where you sit.",Facilities,Neutral
"Physical book availability is fair, though popular titles are checked fr out.",Collection,Neutral
The attendant gave incorrect information regarding late return fines. thx,Staff,Negative
hah,Facilities,Positive
Librarians gave direct guidance on how to search the library catalog. dsdj,Staff,Neutral
Many books listed as available in the online catalog are missing from the shelf.!!!,Collection,Negative
Great access to online academic databases from lol off-campus.,Collection,Positive
dfg,Facilities,Neutral
"Very fr great service, accessible to all.",Staff,Positive
"The study rooms on the mezzanine are spacious, quiet, and very helpful.",Facilities,Positive
"Needs improvement in certain areas, such as air conditioning, Wi-Fi, and water dispensers.",Facilities,Negative
The collection covers basic fyi undergraduate subject needs.,Collection,Neutral
The collection covers basic undergraduate subject fyi needs.,Collection,Neutral
Security guard was overly strict and rude when checking student IDs.!!!,Staff,Negative
Standard customer interaction at the borrowing fyi counter.,Staff,Neutral
Many books n/a listed as available in the online catalog are missing from the shelf.,Collection,Negative
"Physical book idk availability is fair, though popular titles are checked out.",Collection,Neutral
The air conditioning on the 3rd floor is refreshing and comfortable. :),Facilities,Positive
Not enough physical copies of required readings for alrge classes.,Collection,Negative
The air conditioning is not smh cold enough during hot afternoons.,Facilities,Negative
"Most required readings can be found, though btw waiting lists exist.",Collection,Neutral
The library gets crowded thx during peak midterm hours.,Facilities,Neutral
The library gets crowded xyz during peak midterm hours.,Facilities,Neutral
"The ghj study rooms on the basement are spacious, quiet, and very helpful.",Facilities,Positive
The collection in computer dfg science and technology is severely outdated.,Collection,Negative
Great access to online academic bruh databases from off-campus.,Collection,Positive
"Physical book availability is fair, though popular titles are pls checked out.",Collection,Neutral
Staff members talk loudly near the quiet study thx areas.,Staff,Negative
Librarians gave direct guidance ghj on how to search the library catalog.,Staff,Neutral
Approachable and courteosu service from the circulation team.,Staff,Positive
Restroom cleanliness is average throughout the afternoon.!!!,Facilities,Neutral
hah The library student assistants are always ready to answer questions.,Staff,Positive
Security guard at the smh entrance is friendly and verifies ID badges efficiently.,Staff,Positive
"Very great service, accessible to all. smh",Staff,Positive
Fix the bathroom on the 4th qwerty floor.,Facilities,Negative
"Facilities adsdsd are fine overall, standard library setup.",Facilities,Neutral
ghj,Facilities,Positive
Standard book availability in zxcv the general stacks.,Collection,Neutral
Not enough physical copies of required bruh readings for large classes.,Collection,Negative
"The study bruh rooms on the 3rd floor are spacious, quiet, and very helpful.",Facilities,Positive
Please do have an interface where I can search digitally if a book is fr available in the library.,Collection,Negative
Please do have an interface where I can search digitally if idk a book is available in the library.,Collection,Negative
The collection covers basic undergraduate subject qwerty needs.,Collection,Neutral
The library student qqq assistants are always ready to answer questions.,Staff,Positive
"Needs improvement in certain araes, such as air conditioning, Wi-Fi, and water dispensers.",Facilities,Negative
The collection in computer science fr and technology is severely outdated.,Collection,Negative
Librarians gave direct guidanec on how to search the library catalog.,Staff,Neutral
Standard book availability in the genreal stacks.,Collection,Neutral
"WE LOVE THE SERIVCE OF THE STAFF ESPECIALLY THE 2ND FLOOR WORKING STUDENT, VERY APPROACHABLE AND GOOD",Staff,Positive
The front desk clerk was dismissive when I asked for assistance....,Staff,Negative
Guard was sleeping at the post while students wakled in unchecked.,Staff,Negative
"bruh Most required readings can be found, though waiting lists exist.",Collection,Neutral
Standard book availability in the bruh general stacks.,Collection,Neutral
smh Security guard checked my ID at the turnstile without issue.,Staff,Neutral
"The study rooms on adsdsd the 4th floor are spacious, quiet, and very helpful.",Facilities,Positive
The attendant gave incorrect information regarding late return fines.!!!,Staff,Negative
It took too btw long to get help at the circulation counter.,Staff,Negative
Please do have an interface where I can search digitally if a book is available in the library.,Collection,Negative
Security guard ghj was overly strict and rude when checking student IDs.,Staff,Negative
"Enough tables vaailable, though power sockets are only near certain walls.",Facilities,Neutral
The air conditioning is not cold asdf enough during hot afternoons.,Facilities,Negative
The reference librarians were very helpful omg with my research project.,Staff,Positive
"Needs uuu improvement in certain areas, such as air conditioning, Wi-Fi, and water dispensers.",Facilities,Negative
Not enough physical copies of required readings for idk large classes.,Collection,Negative
Fix the fr bathroom on the 4th floor.,Facilities,Negative
The aaa collection covers basic undergraduate subject needs.,Collection,Neutral
fyi The front desk clerk was dismissive when I asked for assistance.,Staff,Negative
Standard book availability in the fyi general stacks.,Collection,Neutral
"smh Facilities are fine overall, standard library setup.",Facilities,Neutral
"Enough tables available, htough power sockets are only near certain walls.",Facilities,Neutral
The air conditioning on the 2nd floor is refreshing and comfortable.,Facilities,Positive
Many books listed as vaailable in the online catalog are missing from the shelf.,Collection,Negative
Half of the power outlets on the 2nd floor do not wrok.,Facilities,Negative
"The air conditioning is okay, but temperature varies depending on whree you sit.",Facilities,Neutral
It idk took too long to get help at the circulation counter.,Staff,Negative
"Most required readings can be found, though waiting lists xeist.",Collection,Neutral
The front desk clerk was dismissive jjj when I asked for assistance.,Staff,Negative
HALF OF THE POWER OUTLETS ON THE 3RD FLOOR DO NOT WORK.,Facilities,Negative
The front desk clerk was dismissive when I asked for assistance.!!!,Staff,Negative
THE ATTENDANT GAVE INCORRECT INFORMATION REGARDING LATE RETURN FINES.,Staff,Negative
Guard was sleeping at the heh post while students walked in unchecked.,Staff,Negative
We deserve an exclusive sutdy space for graduate students.,Facilities,Negative
The fr collection in computer science and technology is severely outdated.,Collection,Negative
The attendant gave incorrect information regarding late return fines. :),Staff,Negative
Standard customer interaction at the borrowing counter.!!!,Staff,Neutral
"Enough tables available, though power sockets are only near certain walls....",Facilities,Neutral
I found all required syllabus lol readings and reserve textbooks easily.,Collection,Positive
Approcahable and courteous service from the circulation team.,Staff,Positive
The air conditioning is not cold enough during hot afternoons. dsdj,Facilities,Negative
Approachable and courteous service from the circulation omg team.,Staff,Positive
"Facilities are fine overall, standard library setup. btw",Facilities,Neutral
bbb Excellent selection of digital e-books and online journal subscriptions.,Collection,Positive
Most erquired textbooks in course reserves are older editions.,Collection,Negative
Security guard at the entrance is friendly and verifies ID badges efficiently.???,Staff,Positive
Excellent selection of digital e-books and online ojurnal subscriptions.,Collection,Positive
The air conditioning on the mezzanine is refreshing and comfortable. omg,Facilities,Positive
"The study rooms on the 3rd floor are spacious, quiet, and veyr helpful.",Facilities,Positive
Half of the power outlets on the 3rd floor uuu do not work.,Facilities,Negative
"The air conditioning is okay, but temperature varies depending on where you na sit.",Facilities,Neutral
Standard book availability in xxx the general stacks.,Collection,Neutral
Thanks for the zxcv air conditioner.,Facilities,Positive
Great access to online academic databases lol from off-campus.,Collection,Positive
The reference librarians were very helpful kkk with my research project.,Staff,Positive
Security guard at the entrance is friendly and verifies ID badges efficiently.,Staff,Positive
aaa The library student assistants are always ready to answer questions.,Staff,Positive
aaa,Facilities,Positive
Wi-Fi speed is very slow and keeps disconnecting. adsdsd,Facilities,Negative
Most required textbooks in course reserves are older editoins.,Collection,Negative
Great access to online academic databases from off-campus. iop,Collection,Positive
"Most required readings can be found, though waiting lisst exist.",Collection,Neutral
Front desk service is standard and handles book checkouts fine.,Staff,Neutral
"Needs improvement in certain areas, such as air conditioning, Wi-Fi, and heh water dispensers.",Facilities,Negative
"Staff answered my query, btw though the counter line was a bit long.",Staff,Neutral
Standard book availbaility in the general stacks.,Collection,Neutral
Excellent selection of digital e-books and online journal subscriptions. heh,Collection,Positive
The attendant gave incorrect information regarding ltae return fines.,Staff,Negative
Sleeping pods are a great addition to the library. lol,Facilities,Positive
"The air conditioning is okay, but temperature varies depending on where you iop sit.",Facilities,Neutral
The air conditioning on the mezzanine tbh is refreshing and comfortable.,Facilities,Positive
Restroom zzz cleanliness is average throughout the afternoon.,Facilities,Neutral
The air conditioning on the 4th floor is refreshing fyi and comfortable.,Facilities,Positive
"idk Most required readings can be found, though waiting lists exist.",Collection,Neutral
THE FRONT DESK CLERK WAS DISMISSIVE WHEN I ASKED FOR ASSISTANCE.,Staff,Negative
Librarians gave direct guidance on how to search the libarry catalog.,Staff,Neutral
The attendant gave incorrect information regarding late return tbh fines.,Staff,Negative
Approachable and courteous service from n/a the circulation team.,Staff,Positive
"Physical book availability is fair, though popular titles fr are checked out.",Collection,Neutral
"The air na conditioning is okay, but temperature varies depending on where you sit.",Facilities,Neutral
Security guard was iop overly strict and rude when checking student IDs.,Staff,Negative
"Most required readinsg can be found, though waiting lists exist.",Collection,Neutral
Guard ghj was sleeping at the post while students walked in unchecked.,Staff,Negative
qwerty Most required textbooks in course reserves are older editions.,Collection,Negative
Staff members talk loudly near abc the quiet study areas.,Staff,Negative
"More bruh modern books like Jenny Han in the library, please. Thanks!",Collection,Positive
"bruh Very great service, accessible to all.",Staff,Positive
Excellent selection of digital e-books and online journal na subscriptions.,Collection,Positive
"Staff zxcv answered my query, though the counter line was a bit long.",Staff,Neutral
"Staff answered my query, htough the counter line was a bit long.",Staff,Neutral
The librray gets crowded during peak midterm hours.,Facilities,Neutral
"Staff answered my query, though the counter line was a bit lon.g",Staff,Neutral
"Very great service, na accessible to all.",Staff,Positive
Great improvements on the tbh lighting and power outlets near the desks.,Facilities,Positive
It took too long to get help ghj at the circulation counter.,Staff,Negative
WI-FI SPEED IS VERY SLOW AND KEEPS DISCONNECTING.,Facilities,Negative
The reference librarians were very helpful with my research bruh project.,Staff,Positive
Excellent selection of digital e-books and lol online journal subscriptions.,Collection,Positive
Security tbh guard checked my ID at the turnstile without issue.,Staff,Neutral
Excellent selection of digital e-books and online journal subscriptions....,Collection,Positive
Security guard was btw overly strict and rude when checking student IDs.,Staff,Negative
"Enough tables available, though power sockets are only bruh near certain walls.",Facilities,Neutral
We deserve an exclusive study space for graduate students.???,Facilities,Negative
Security guard checked my ID at the turnstile without omg issue.,Staff,Neutral
"The air conditioning is okay, but temperature varies deepnding on where you sit.",Facilities,Neutral
Guard was sleeping at the post jjj while students walked in unchecked.,Staff,Negative
Most required textbooks in course reserves are older editions. aaa,Collection,Negative
Half of the power outlets on the mezzanine do not work.,Facilities,Negative
"Needs improvement in certain areas, such as air conditinoing, Wi-Fi, and water dispensers.",Facilities,Negative
Approahcable and courteous service from the circulation team.,Staff,Positive
The front desk clerk was dismissive when thx I asked for assistance.,Staff,Negative
Fix the bathroom on the 4th omg floor.,Facilities,Negative
The front deks clerk was dismissive when I asked for assistance.,Staff,Negative
We deserve an exclusive study space for graduate dsdj students.,Facilities,Negative
"Staff answered my query, though the counter line was a bit zzz long.",Staff,Neutral
Most required textbooks in course reserves tbh are older editions.,Collection,Negative
Wi-Fi speed is very slow and keeps discnonecting.,Facilities,Negative
Approachable and courteous service from the criculation team.,Staff,Positive
Security guard fyi at the entrance is friendly and verifies ID badges efficiently.,Staff,Positive
"Enough lol tables available, though power sockets are only near certain walls.",Facilities,Neutral
Great access to online academic dtaabases from off-campus.,Collection,Positive
"Enough tables available, though power sockets are only near asdf certain walls.",Facilities,Neutral
Approachable and courteous service from the circulatino team.,Staff,Positive
Standard book availability btw in the general stacks.,Collection,Neutral
Please do have idk an interface where I can search digitally if a book is available in the library.,Collection,Negative
"Most reuqired readings can be found, though waiting lists exist.",Collection,Neutral
Most required textbooks in course reservse are older editions.,Collection,Negative
"Most required readings can be fyi found, though waiting lists exist.",Collection,Neutral
Half of the power outlets on the iop 4th floor do not work.,Facilities,Negative
Half of the power outlets on the basement do not work.???,Facilities,Negative
Security guard checked bruh my ID at the turnstile without issue.,Staff,Neutral
The collection covers basic undergraduate subject zxcv needs.,Collection,Neutral
Half of the power outlets adsdsd on the 1st floor do not work.,Facilities,Negative
Standard book availability in the thx general stacks.,Collection,Neutral
Most required textbooks in course reserves asdf are older editions.,Collection,Negative
"Most required readings can be found, smh though waiting lists exist.",Collection,Neutral
"Needs improvement in certain areas, such as air conditioning, iW-Fi, and water dispensers.",Facilities,Negative
Half of the power outlets on the 4th floor do not work.???,Facilities,Negative
"Physical book availability is fair, though popular titles are checked otu.",Collection,Neutral
bbb,Facilities,Positive
I found dsdj all required syllabus readings and reserve textbooks easily.,Collection,Positive
the collection in computer science and technology is severely outdated.,Collection,Negative
The collection covers basic lol undergraduate subject needs.,Collection,Neutral
Wi-Fi speed is very slow and keeps disconnecting.???,Facilities,Negative
"Facilities are fine overall, xyz standard library setup.",Facilities,Neutral
"Staff answered my query, though the counter line was a bit long.",Staff,Neutral
The library student assistants are always erady to answer questions.,Staff,Positive
The reference librarians were very helpful with bruh my research project.,Staff,Positive
"Needs improvement in certain areas, such as air conditioning, Wi-Fi, and water dispesners.",Facilities,Negative
The library gets crowded during peak midterm bruh hours.,Facilities,Neutral
Security guard hah at the entrance is friendly and verifies ID badges efficiently.,Staff,Positive
"facilities are fine overall, standard library setup.",Facilities,Neutral
The library gets crowded during peka midterm hours.,Facilities,Neutral
Not enough physical copies of required readings for large classes. xyz,Collection,Negative
"Most required readings can be found, though waiting lists exist. smh",Collection,Neutral
"The sign on the bruh door says reserved for medical students, but nobody enforces it.",Facilities,Negative
The collection in computer fr science and technology is severely outdated.,Collection,Negative
"the air conditioning is okay, but temperature varies depending on where you sit.",Facilities,Neutral
Staff members talk loudly near the quiet study areas. :),Staff,Negative
Not enough physical copies of required xxx readings for large classes.,Collection,Negative
Restroom cleanliness is average throughout the afternoon.,Facilities,Neutral
"STAFF ANSWERED MY QUERY, THOUGH THE COUNTER LINE WAS A BIT LONG.",Staff,Neutral
The front desk bruh clerk was dismissive when I asked for assistance.,Staff,Negative
Fix the bathroom on the 4th floor.!!!,Facilities,Negative
Guard was sleeping at the post while stuednts walked in unchecked.,Staff,Negative
"The study rooms on the basement are spacious, quiet, and very helpfu.l",Facilities,Positive
Staff members talk loudly near the uqiet study areas.,Staff,Negative
"Staff answered my query, smh though the counter line was a bit long.",Staff,Neutral
The attendant gave incorrect information regaridng late return fines.,Staff,Negative
"The air conditioning is okay, but temperature varies depenidng on where you sit.",Facilities,Neutral
The collection covers basic undergraduate subject qqq needs.,Collection,Neutral
The library gets crowded during peak midterm hours. qwerty,Facilities,Neutral
Great improvements on the lighting jjj and power outlets near the desks.,Facilities,Positive
"WE LOVE THE SERVICE OF qqq THE STAFF ESPECIALLY THE 2ND FLOOR WORKING STUDENT, VERY APPROACHABLE AND GOOD",Staff,Positive
"WE LOVE THE SERVICE OF THE STAFF ESPECIALLY THE 2ND FLOOR WORKING STUDENT, VERY APPROACHABLE AND GOOD???",Staff,Positive
Wi-Fi speed is very lsow and keeps disconnecting.,Facilities,Negative
"xxx Staff answered my query, though the counter line was a bit long.",Staff,Neutral
Please do haev an interface where I can search digitally if a book is available in the library.,Collection,Negative
The collection in computer science and technology is severely outdated. na,Collection,Negative
thx Front desk service is standard and handles book checkouts fine.,Staff,Neutral
"Enough tables available, though power sockets are only near n/a certain walls.",Facilities,Neutral
"More modern books adsdsd like Jenny Han in the library, please. Thanks!",Collection,Positive
Security fyi guard was overly strict and rude when checking student IDs.,Staff,Negative
The zxcv air conditioning is not cold enough during hot afternoons.,Facilities,Negative
Standard book availability in the egneral stacks.,Collection,Neutral
The library student assistants are always ready to answer questions.!!!,Staff,Positive
Librarians gave direct guidance on how to search the library catalog. bnm,Staff,Neutral
Most required textbooks in course reserves are older editions. tbh,Collection,Negative
"Physical book availability is fair, though zxcv popular titles are checked out.",Collection,Neutral
The collection in computer science and qqq technology is severely outdated.,Collection,Negative
Half of the power outlets on the 2nd floor do not work....,Facilities,Negative
Most required txetbooks in course reserves are older editions.,Collection,Negative
Approachable and courteous service from the circulation bruh team.,Staff,Positive
I can take books that are helpful for my classes easily.,Collection,Positive
The air conditioning on the 2nd floor bruh is refreshing and comfortable.,Facilities,Positive
"More modern books like Jenny Han in the library, please. Thanks! :)",Collection,Positive
Librarians gave direct guidance iop on how to search the library catalog.,Staff,Neutral
"Physical book availability is fair, though popular titles are checked out. :)",Collection,Neutral
I can take books that are helpful for fyi my classes easily.,Collection,Positive
n/a I can take books that are helpful for my classes easily.,Collection,Positive
It took too long to get help idk at the circulation counter.,Staff,Negative
"Most required eradings can be found, though waiting lists exist.",Collection,Neutral
Please do have an interface where I can search digitally if btw a book is available in the library.,Collection,Negative
Librarians gave direct guidance on bruh how to search the library catalog.,Staff,Neutral
"Most required readings can be found, though waiting uuu lists exist.",Collection,Neutral
"Facilities are fnie overall, standard library setup.",Facilities,Neutral
Many books listed as available in the idk online catalog are missing from the shelf.,Collection,Negative
Standard book xyz availability in the general stacks.,Collection,Neutral
Security guard was overly strict and rude when checking student heh IDs.,Staff,Negative
"Enough tables available, though power sockets are olny near certain walls.",Facilities,Neutral
Approachable and tbh courteous service from the circulation team.,Staff,Positive
Standard customer itneraction at the borrowing counter.,Staff,Neutral
"More modern books bruh like Jenny Han in the library, please. Thanks!",Collection,Positive
"More modern books like Jenny Han in fyi the library, please. Thanks!",Collection,Positive
"Most thx required readings can be found, though waiting lists exist.",Collection,Neutral
The collection in computer science and technology is severely outdated. pls,Collection,Negative
Security guard was overly dsdj strict and rude when checking student IDs.,Staff,Negative
"Physical ghj book availability is fair, though popular titles are checked out.",Collection,Neutral
Half of the power outlets on the 1st floor do not work.,Facilities,Negative
"Very great service, accessible to all. zzz",Staff,Positive
"The study rooms on the mezzanine are spacious, quiet, and very helpful. thx",Facilities,Positive
I found all required slylabus readings and reserve textbooks easily.,Collection,Positive
Front desk service is standard aaa and handles book checkouts fine.,Staff,Neutral
The reference librarians were very helpful with my rseearch project.,Staff,Positive
heh The collection in computer science and technology is severely outdated.,Collection,Negative
"Facilities are fine overall, tbh standard library setup.",Facilities,Neutral
The library gets crowded during peak midterm zxcv hours.,Facilities,Neutral
Great access to online academic databases from btw off-campus.,Collection,Positive
The reference librarians were very helpful with dsdj my research project.,Staff,Positive
"Facilities are fine overall, standard library idk setup.",Facilities,Neutral
"Enough tables available, though power sockets are only near cetrain walls.",Facilities,Neutral
Staff zzz members talk loudly near the quiet study areas.,Staff,Negative
"THE SIGN ON THE DOOR SAYS RESERVED FOR MEDICAL STUDENTS, BUT NOBODY ENFORCES IT.",Facilities,Negative
WE LOVE THE WATER dispenesr and the clean study hall.,Facilities,Positive
Standard customer interaction at the borrowing ghj counter.,Staff,Neutral
Front desk service is standard bruh and handles book checkouts fine.,Staff,Neutral
"The study rooms on the mezzanine are spacious, quiet, and very helpful....",Facilities,Positive
"The air conditioning btw is okay, but temperature varies depending on where you sit.",Facilities,Neutral
I found smh all required syllabus readings and reserve textbooks easily.,Collection,Positive
We dfg deserve an exclusive study space for graduate students.,Facilities,Negative
Standard book availability in the general heh stacks.,Collection,Neutral
The omg collection covers basic undergraduate subject needs.,Collection,Neutral
Librarians gave direct guidance on how to search the library catalo.g,Staff,Neutral
The collection covers idk basic undergraduate subject needs.,Collection,Neutral
The library student assistants are always ready to answer questions. jjj,Staff,Positive
I love the facilities and the pls airconditioned rooms for study!,Facilities,Positive
Standard book availability in the general stacks.!!!,Collection,Neutral
Most required textbooks in course reserves are hah older editions.,Collection,Negative
The air conditioning on the adsdsd 2nd floor is refreshing and comfortable.,Facilities,Positive
The attendant gave incorrect information regarding late erturn fines.,Staff,Negative
Many oboks listed as available in the online catalog are missing from the shelf.,Collection,Negative
Most required textbooks in course reserves are older eidtions.,Collection,Negative
Security guard abc checked my ID at the turnstile without issue.,Staff,Neutral
Front desk service is standard and handles book checkouts fine....,Staff,Neutral
The attendant gave incorrect information regarding late return fines. hah,Staff,Negative
"Physical book availability is fair, though na popular titles are checked out.",Collection,Neutral
kkk,Facilities,Neutral
Excellent selection of digital iop e-books and online journal subscriptions.,Collection,Positive
"Staff answered my query, though the counter xxx line was a bit long.",Staff,Neutral
Not enough btw physical copies of required readings for large classes.,Collection,Negative
"Needs zxcv improvement in certain areas, such as air conditioning, Wi-Fi, and water dispensers.",Facilities,Negative
Excellent selection btw of digital e-books and online journal subscriptions.,Collection,Positive
"More modern books like heh Jenny Han in the library, please. Thanks!",Collection,Positive
Wi-Fi speed is very qqq slow and keeps disconnecting.,Facilities,Negative
Standard omg customer interaction at the borrowing counter.,Staff,Neutral
Great access to online fyi academic databases from off-campus.,Collection,Positive
"The sgin on the door says reserved for medical students, but nobody enforces it.",Facilities,Negative
Great access to online academic qwerty databases from off-campus.,Collection,Positive
Thank you so much for the update of equipment regarding pls the ID scanners.,Facilities,Positive
We deserve an exclusive study space aaa for graduate students.,Facilities,Negative
Approachable and courteous service from thx the circulation team.,Staff,Positive
"Enough tables available, though power sockets are only near certain walls.",Facilities,Neutral
"Most bruh required readings can be found, though waiting lists exist.",Collection,Neutral
"The air conditioning is okay, but temperature varies depending on where you sit....",Facilities,Neutral
Guard was bbb sleeping at the post while students walked in unchecked.,Staff,Negative
"More modenr books like Jenny Han in the library, please. Thanks!",Collection,Positive
Thank you so smh much for the update of equipment regarding the ID scanners.,Facilities,Positive
The collection pls in computer science and technology is severely outdated.,Collection,Negative
The library sutdent assistants are always ready to answer questions.,Staff,Positive
I can take books that are helpful for my lcasses easily.,Collection,Positive
I can take books that are helpful for my classes eaisly.,Collection,Positive
Front desk service is standard and handles book zxcv checkouts fine.,Staff,Neutral
I love the facilities and thx the airconditioned rooms for study!,Facilities,Positive
asdf Restroom cleanliness is average throughout the afternoon.,Facilities,Neutral
Please do hvae an interface where I can search digitally if a book is available in the library.,Collection,Negative
"Staff answered my query, though the coutner line was a bit long.",Staff,Neutral
Gaurd was sleeping at the post while students walked in unchecked.,Staff,Negative
Security bbb guard checked my ID at the turnstile without issue.,Staff,Neutral
Approachable and zxcv courteous service from the circulation team.,Staff,Positive
Fix heh the bathroom on the 4th floor.,Facilities,Negative
lol Staff members talk loudly near the quiet study areas.,Staff,Negative
"Facilities are fine overall, standrad library setup.",Facilities,Neutral
Front desk service is standard and handles xyz book checkouts fine.,Staff,Neutral
The collection covers basic undergarduate subject needs.,Collection,Neutral
I can take books that are helpful for bnm my classes easily.,Collection,Positive
Great access to online academic databases from off-campus.!!!,Collection,Positive
"Physical book availability is bbb fair, though popular titles are checked out.",Collection,Neutral
We deserve an exlcusive study space for graduate students.,Facilities,Negative
qwerty,Facilities,Positive
I found all required syllabus readings and reserve textbooks easily.!!!,Collection,Positive
Approachable and courteous service from the circulation team.,Staff,Positive
bbb The reference librarians were very helpful with my research project.,Staff,Positive
The collection covers baisc undergraduate subject needs.,Collection,Neutral
Restroom cleanliness is avearge throughout the afternoon.,Facilities,Neutral
Half of the power outlets on the 1st floor do not work.???,Facilities,Negative
I loev the facilities and the airconditioned rooms for study!,Facilities,Positive
"Staff answered my query, though the counter line was a bit long.!!!",Staff,Neutral
"More modern books omg like Jenny Han in the library, please. Thanks!",Collection,Positive
The library student assistants are pls always ready to answer questions.,Staff,Positive
Librarians gave direct guidance on how to search hah the library catalog.,Staff,Neutral
not enough physical copies of required readings for large classes.,Collection,Negative
Many books ilsted as available in the online catalog are missing from the shelf.,Collection,Negative
Not enough physical copies qqq of required readings for large classes.,Collection,Negative
THE COLLECTION COVERS BASIC UNDERGRADUATE SUBJECT NEEDS.,Collection,Neutral
"Needs improvement in certain areas, such as air conditioning, Wi-Fi, and water dispensers.!!!",Facilities,Negative
"Very great service, accessible to all.???",Staff,Positive
hTanks for the air conditioner.,Facilities,Positive
Librarians gave direct guidance on smh how to search the library catalog.,Staff,Neutral
Standard book iop availability in the general stacks.,Collection,Neutral
"Needs improvement in certain areas, zxcv such as air conditioning, Wi-Fi, and water dispensers.",Facilities,Negative
"Staff answered my query, though the counter line was a bit idk long.",Staff,Neutral
Guard was lseeping at the post while students walked in unchecked.,Staff,Negative
Secruity guard checked my ID at the turnstile without issue.,Staff,Neutral
Great improvements on the lighting and power outlets near the desks.???,Facilities,Positive
"WE LOVE THE SERVICE OF THE STAFF ESPECIALLY THE 2ND FLOOR WORKING STDUENT, VERY APPROACHABLE AND GOOD",Staff,Positive
"The study rooms on the 1st floor are spacious, idk quiet, and very helpful.",Facilities,Positive
Approachable and courteous service from the circulation team....,Staff,Positive
Security guard at the entrance is qwerty friendly and verifies ID badges efficiently.,Staff,Positive
"More modern books like Jenny Han zxcv in the library, please. Thanks!",Collection,Positive
"Facilities heh are fine overall, standard library setup.",Facilities,Neutral
the air conditioning is not cold enough during hot afternoons.,Facilities,Negative
Wi-Fi speed is smh very slow and keeps disconnecting.,Facilities,Negative
"very great service, accessible to all.",Staff,Positive
"Most required readings can be found, though waiting btw lists exist.",Collection,Neutral
Stnadard book availability in the general stacks.,Collection,Neutral
"The air conditioning is okay, but temperature varies pls depending on where you sit.",Facilities,Neutral
The qwerty library gets crowded during peak midterm hours.,Facilities,Neutral
I can take books that are bbb helpful for my classes easily.,Collection,Positive
The front desk clerk fr was dismissive when I asked for assistance.,Staff,Negative
"The air conditioning is koay, but temperature varies depending on where you sit.",Facilities,Neutral
The library gets crowded during peak midterm hours.,Facilities,Neutral
"The jjj sign on the door says reserved for medical students, but nobody enforces it.",Facilities,Negative
"FACILITIES ARE FINE OVERALL, STANDARD LIBRARY SETUP.",Facilities,Neutral
Not enough physical copies of required readings for large classes. :),Collection,Negative
Half of the power outlets on the mezzanine do not wokr.,Facilities,Negative
Satndard customer interaction at the borrowing counter.,Staff,Neutral
Security guard checked my ID at uuu the turnstile without issue.,Staff,Neutral
"Very great service, accessible xxx to all.",Staff,Positive
Great access to online academic databases from bruh off-campus.,Collection,Positive
Please do have an interface where I can search digitally if fr a book is available in the library.,Collection,Negative
Front desk service is standard and handles book checkouts fr fine.,Staff,Neutral
Not enough physiacl copies of required readings for large classes.,Collection,Negative
Security guard fr at the entrance is friendly and verifies ID badges efficiently.,Staff,Positive
Thanks for the lol air conditioner.,Facilities,Positive
"Very great service, accessible to all.",Staff,Positive
"Needs improvement in certian areas, such as air conditioning, Wi-Fi, and water dispensers.",Facilities,Negative
The librayr student assistants are always ready to answer questions.,Staff,Positive
"Enough tables available, fyi though power sockets are only near certain walls.",Facilities,Neutral
Most required xxx textbooks in course reserves are older editions.,Collection,Negative
The library gets crowded during peak zxcv midterm hours.,Facilities,Neutral
bruh The front desk clerk was dismissive when I asked for assistance.,Staff,Negative
The collection covers basic undergraduate thx subject needs.,Collection,Neutral
"uuu Physical book availability is fair, though popular titles are checked out.",Collection,Neutral
"thx Staff answered my query, though the counter line was a bit long.",Staff,Neutral
Satff members talk loudly near the quiet study areas.,Staff,Negative
The attendant gave pls incorrect information regarding late return fines.,Staff,Negative
"Facilities are fine overall, standard library setup. n/a",Facilities,Neutral
"Most required readings can be found, though aaa waiting lists exist.",Collection,Neutral
Standard book availability in fr the general stacks.,Collection,Neutral
bbb The front desk clerk was dismissive when I asked for assistance.,Staff,Negative
tbh Many books listed as available in the online catalog are missing from the shelf.,Collection,Negative
The library gets crowded during peak pls midterm hours.,Facilities,Neutral
WE LOVE THE WATER dispenser and the clean study hall. omg,Facilities,Positive
n/a Approachable and courteous service from the circulation team.,Staff,Positive
"Most required readings can be found, though waiting lists exist.!!!",Collection,Neutral
The air conditioning on the mezzanine is pls refreshing and comfortable.,Facilities,Positive
The attendant gave incorrect information regarding late return fines....,Staff,Negative
The library gets crowded during peak midterm hours....,Facilities,Neutral
The library gets crwoded during peak midterm hours.,Facilities,Neutral
The collection covers basic undergraduate subject needs.,Collection,Neutral
Thank you so much for the update of equipment regarding tbh the ID scanners.,Facilities,Positive
"Physical book dsdj availability is fair, though popular titles are checked out.",Collection,Neutral
Thanks btw for the air conditioner.,Facilities,Positive
"the study rooms on the 2nd floor are spacious, quiet, and very helpful.",Facilities,Positive
Please do have an interface where I can search digitally if a book bbb is available in the library.,Collection,Negative
Standard customer interaction at omg the borrowing counter.,Staff,Neutral
Librarians gave direct guidance on how to search the uuu library catalog.,Staff,Neutral
"Physical book availability is fair, though popular titles are checked out. kkk",Collection,Neutral
The air conditioning on the 2nd floor is refreshing and comfortable. :),Facilities,Positive
Security guadr was overly strict and rude when checking student IDs.,Staff,Negative
"The study rooms on the mezzanine are spacious, quiet, and very idk helpful.",Facilities,Positive
Standard customer interaction adsdsd at the borrowing counter.,Staff,Neutral
Guard was tbh sleeping at the post while students walked in unchecked.,Staff,Negative
Many books listed as available in fr the online catalog are missing from the shelf.,Collection,Negative
Security gurad was overly strict and rude when checking student IDs.,Staff,Negative
Wi-Fi speed is very slow and keeps disconnecting.!!!,Facilities,Negative
It took too long to get hepl at the circulation counter.,Staff,Negative
I can take books ghj that are helpful for my classes easily.,Collection,Positive
na We deserve an exclusive study space for graduate students.,Facilities,Negative
The attendant gave incorrect n/a information regarding late return fines.,Staff,Negative
Standard book availability in the general adsdsd stacks.,Collection,Neutral
"Needs improvement in certain aresa, such as air conditioning, Wi-Fi, and water dispensers.",Facilities,Negative
Standard customer iop interaction at the borrowing counter.,Staff,Neutral
"WE LOVE THE SERVICE OF THE STAFF ESPECIALLY THE 2ND FLOOR WORKING STUDENT, VERY APPROACHABLE AND GOOD dfg",Staff,Positive
I can take books that are helpful for my xxx classes easily.,Collection,Positive
"omg Staff answered my query, though the counter line was a bit long.",Staff,Neutral
The collection in computer science and technology is severely outdated. bnm,Collection,Negative
Thanks for the heh air conditioner.,Facilities,Positive
"Physical book availability is fair, though popular titles are checked out.???",Collection,Neutral
Standard book availability zxcv in the general stacks.,Collection,Neutral
"The heh sign on the door says reserved for medical students, but nobody enforces it.",Facilities,Negative
The clolection in computer science and technology is severely outdated.,Collection,Negative
Not enough physical copies of required redaings for large classes.,Collection,Negative
The collection in omg computer science and technology is severely outdated.,Collection,Negative
security guard at the entrance is friendly and verifies id badges efficiently.,Staff,Positive
Librarians gave direct guidance on how to search the library catalog.!!!,Staff,Neutral
Thank you so much for iop the update of equipment regarding the ID scanners.,Facilities,Positive
Thanks for the air conditioner. dfg,Facilities,Positive
I can take dsdj books that are helpful for my classes easily.,Collection,Positive
Security guard at the entrance is bruh friendly and verifies ID badges efficiently.,Staff,Positive
"Enough tables available, though power sockets btw are only near certain walls.",Facilities,Neutral
"The sign on the door says reserved for medical students, but nobody enforces it.",Facilities,Negative
"Physical n/a book availability is fair, though popular titles are checked out.",Collection,Neutral
Excellent selection of digital e-books and online btw journal subscriptions.,Collection,Positive
The library jjj gets crowded during peak midterm hours.,Facilities,Neutral
Standard book availability in the general thx stacks.,Collection,Neutral
"Most required readings can qwerty be found, though waiting lists exist.",Collection,Neutral
I can take books that are helpful for my classes easily.!!!,Collection,Positive
Restroom cleanliness xyz is average throughout the afternoon.,Facilities,Neutral
The dfg collection in computer science and technology is severely outdated.,Collection,Negative
Security guard checked my ID at the turnstile pls without issue.,Staff,Neutral
I can take books thta are helpful for my classes easily.,Collection,Positive
"The bruh study rooms on the 3rd floor are spacious, quiet, and very helpful.",Facilities,Positive
The air conditioning is not cold enough duirng hot afternoons.,Facilities,Negative
Most thx required textbooks in course reserves are older editions.,Collection,Negative
"The air conditioning is okay, but jjj temperature varies depending on where you sit.",Facilities,Neutral
Front desk xxx service is standard and handles book checkouts fine.,Staff,Neutral
Security guard at the entrance is friendly and verifies ID thx badges efficiently.,Staff,Positive
"Enough tables available, though power sockets are only nera certain walls.",Facilities,Neutral
Great access to online academic fyi databases from off-campus.,Collection,Positive
Guard was sleeping at the post while students walked tbh in unchecked.,Staff,Negative
Most required textbooks in course reserves are older editions. :),Collection,Negative
"Enough tables available, though power sockets are only heh near certain walls.",Facilities,Neutral
I love the facilities and tbh the airconditioned rooms for study!,Facilities,Positive
"Very bbb great service, accessible to all.",Staff,Positive
The air conditioning tbh is not cold enough during hot afternoons.,Facilities,Negative
"The air conditioning is okay, but temperature varies depending on omg where you sit.",Facilities,Neutral
Sleeping bbb pods are a great addition to the library.,Facilities,Positive
"Enough tables available, though power sockets are only near certain walls.!!!",Facilities,Neutral
Security guard at the entrance is friendly and verifies ID badges bbb efficiently.,Staff,Positive
The air conditioning on the 1st floro is refreshing and comfortable.,Facilities,Positive
Restroom omg cleanliness is average throughout the afternoon.,Facilities,Neutral
Staff members qwerty talk loudly near the quiet study areas.,Staff,Negative
Librarians gave direct guidance on how to asdf search the library catalog.,Staff,Neutral
HALF OF THE POWER OUTLETS ON THE 2ND FLOOR DO NOT WORK.,Facilities,Negative
"Physical pls book availability is fair, though popular titles are checked out.",Collection,Neutral
Librarians gave direct guidance on how to search the library catalog. ghj,Staff,Neutral
SECURITY GUARD CHECKED MY ID AT THE TURNSTILE WITHOUT ISSUE.,Staff,Neutral
"Most required readings can be foun,d though waiting lists exist.",Collection,Neutral
"Staff answered my query, though the counter lien was a bit long.",Staff,Neutral
The collection covers basic undergraduate btw subject needs.,Collection,Neutral
"The study rooms on the 1st floor are spacious, quiet, and very helpful.",Facilities,Positive
Not enough physical copies of required readings for large qwerty classes.,Collection,Negative
"Physical book availability is fair, though ppoular titles are checked out.",Collection,Neutral
I love the facilities and the airconditioned rooms for study!...,Facilities,Positive
Front desk service is standard and handels book checkouts fine.,Staff,Neutral
Staff members talk loudly near smh the quiet study areas.,Staff,Negative
Excellent selection of digital e-books and online journal subscriptions. btw,Collection,Positive
"The air smh conditioning is okay, but temperature varies depending on where you sit.",Facilities,Neutral
Great access to online omg academic databases from off-campus.,Collection,Positive
The library student assistants are always ready to answer questions. pls,Staff,Positive
The attendant gave incorrect information regarding late return fines. uuu,Staff,Negative
Security guard at the entrance is friendly and verifies ID badges efficiently. :),Staff,Positive
The library student assistants are always ready to answer questions. btw,Staff,Positive
Thank btw you so much for the update of equipment regarding the ID scanners.,Facilities,Positive
Most required textbooks in course reserves are older editions.,Collection,Negative
"WE LOVE THE SERVICE OF THE thx STAFF ESPECIALLY THE 2ND FLOOR WORKING STUDENT, VERY APPROACHABLE AND GOOD",Staff,Positive
iop The front desk clerk was dismissive when I asked for assistance.,Staff,Negative
Stfaf members talk loudly near the quiet study areas.,Staff,Negative
Please do have an jjj interface where I can search digitally if a book is available in the library.,Collection,Negative
Many bokos listed as available in the online catalog are missing from the shelf.,Collection,Negative
"Most required readings can be found, though waiting asdf lists exist.",Collection,Neutral
Security guard was overly fyi strict and rude when checking student IDs.,Staff,Negative
I found all required syllabus readings and reserve textbooks easily. lol,Collection,Positive
"The air conditioning is okay, but temperature vareis depending on where you sit.",Facilities,Neutral
Not enough physical copies of required readings for large classes. omg,Collection,Negative
Thank you bruh so much for the update of equipment regarding the ID scanners.,Facilities,Positive
The library student assistants are always reday to answer questions.,Staff,Positive
fr The library student assistants are always ready to answer questions.,Staff,Positive
THE LIBRARY STUDENT ASSISTANTS ARE ALWAYS READY TO ANSWER QUESTIONS.,Staff,Positive
It aaa took too long to get help at the circulation counter.,Staff,Negative
Most required textbooks in course reserves are older smh editions.,Collection,Negative
"asdf Staff answered my query, though the counter line was a bit long.",Staff,Neutral
Restroom cleanliness thx is average throughout the afternoon.,Facilities,Neutral
The reference librarians were lol very helpful with my research project.,Staff,Positive
I can take books that are helpful for omg my classes easily.,Collection,Positive
Thank you so much dfg for the update of equipment regarding the ID scanners.,Facilities,Positive
fr The air conditioning is not cold enough during hot afternoons.,Facilities,Negative
Excellent selection of digital e-books and onlnie journal subscriptions.,Collection,Positive
Half of the power outlets on the basement do not work.,Facilities,Negative
Apporachable and courteous service from the circulation team.,Staff,Positive
"Staff answered my query, though idk the counter line was a bit long.",Staff,Neutral
Restroom cleanliness is average throughout pls the afternoon.,Facilities,Neutral
WE LOVE THE WATER dispenser and the clean study hall....,Facilities,Positive
"Most fr required readings can be found, though waiting lists exist.",Collection,Neutral
Standard book omg availability in the general stacks.,Collection,Neutral
"Very great service, accessible to bruh all.",Staff,Positive
pls Security guard was overly strict and rude when checking student IDs.,Staff,Negative
The reference librarians were very helpful wtih my research project.,Staff,Positive
I found all required syllabus readings and reserev textbooks easily.,Collection,Positive
The ilbrary student assistants are always ready to answer questions.,Staff,Positive
"More modern books like Jenny Han in the library, please. thx Thanks!",Collection,Positive
The attendant gave incorrect information qqq regarding late return fines.,Staff,Negative
The air conditioning on the basement is refreshing and fyi comfortable.,Facilities,Positive
Great access smh to online academic databases from off-campus.,Collection,Positive
The collection covers bnm basic undergraduate subject needs.,Collection,Neutral
Librarians gave direct guidance on how to search the library catalgo.,Staff,Neutral
"Enough tables available, though power sockets are only near certain zzz walls.",Facilities,Neutral
"Very great service, fyi accessible to all.",Staff,Positive
Wi-Fi speed is very slow and keesp disconnecting.,Facilities,Negative
Great improvemnets on the lighting and power outlets near the desks.,Facilities,Positive
The reference librarians were very helpful with my reseacrh project.,Staff,Positive
The collection covers basic undergraduate subject omg needs.,Collection,Neutral
Excellent na selection of digital e-books and online journal subscriptions.,Collection,Positive
I can take books that bruh are helpful for my classes easily.,Collection,Positive
The air conditioning is not cold enough during hot afternoons.,Facilities,Negative
"WE LOVE THE SERVICE OF THE STAFF ESPECIALLY THE 2ND FLOOR WORKING STUDENT, VERY APPROACHABLE AND fr GOOD",Staff,Positive
I love the heh facilities and the airconditioned rooms for study!,Facilities,Positive
The air conditioning is fr not cold enough during hot afternoons.,Facilities,Negative
The air conditioning is not cold enough during hot afternoons.???,Facilities,Negative
Please do have an interface where I can search digitally if a book is available in the ilbrary.,Collection,Negative
Front desk tbh service is standard and handles book checkouts fine.,Staff,Neutral
Librarians gave direct guidance on how to search tbh the library catalog.,Staff,Neutral
The collection covers basic kkk undergraduate subject needs.,Collection,Neutral
Half of the power outlets on the na mezzanine do not work.,Facilities,Negative
FIX THE BATHROOM ON THE 4TH FLOOR.,Facilities,Negative
The library fr student assistants are always ready to answer questions.,Staff,Positive
"Facilities are fine n/a overall, standard library setup.",Facilities,Neutral
staff members talk loudly near the quiet study areas.,Staff,Negative
"Most required readings can xxx be found, though waiting lists exist.",Collection,Neutral
Security pls guard was overly strict and rude when checking student IDs.,Staff,Negative
"Physical book vaailability is fair, though popular titles are checked out.",Collection,Neutral
bnm Security guard at the entrance is friendly and verifies ID badges efficiently.,Staff,Positive
Great fr access to online academic databases from off-campus.,Collection,Positive
THE AIR CONDITIONING ON THE 2ND FLOOR IS REFRESHING AND COMFORTABLE.,Facilities,Positive
Librraians gave direct guidance on how to search the library catalog.,Staff,Neutral
"enough tables available, though power sockets are only near certain walls.",Facilities,Neutral
"Needs improvement in certain areas, such as air conditioning, Wi-Fi, and wtaer dispensers.",Facilities,Negative
"Staff answered my query, thouhg the counter line was a bit long.",Staff,Neutral
It took too na long to get help at the circulation counter.,Staff,Negative
Not enough heh physical copies of required readings for large classes.,Collection,Negative
Security guard was overly strict and rude when checking student IDs.,Staff,Negative
The collection kkk covers basic undergraduate subject needs.,Collection,Neutral
"The air conditioning is okay, but temperature varies depending on where you sit. tbh",Facilities,Neutral
The library gets crowded during peak midterm hours. zxcv,Facilities,Neutral
"WE LOVE THE SERVICE bruh OF THE STAFF ESPECIALLY THE 2ND FLOOR WORKING STUDENT, VERY APPROACHABLE AND GOOD",Staff,Positive
"thx More modern books like Jenny Han in the library, please. Thanks!",Collection,Positive
Most required fr textbooks in course reserves are older editions.,Collection,Negative
Guard was sleeping at the post while students walked in unchecked. :),Staff,Negative
Great improvements on the lighting and power outlets nera the desks.,Facilities,Positive
Excellent selection of digital e-books and online aaa journal subscriptions.,Collection,Positive
Excellent selection of digital e-books and noline journal subscriptions.,Collection,Positive
The library gets crowded during paek midterm hours.,Facilities,Neutral
Guard was sleeping at the post while students kkk walked in unchecked.,Staff,Negative
"MOST REQUIRED READINGS CAN BE FOUND, THOUGH WAITING LISTS EXIST.",Collection,Neutral
The library student assistants are always ready to answer asdf questions.,Staff,Positive
Security guard checked my ID at the iop turnstile without issue.,Staff,Neutral
"Enough atbles available, though power sockets are only near certain walls.",Facilities,Neutral
The collectoin covers basic undergraduate subject needs.,Collection,Neutral
Guard was sleeping at the post while students walked jjj in unchecked.,Staff,Negative
Wi-Fi speed is very slow and keeps lol disconnecting.,Facilities,Negative
"Enough talbes available, though power sockets are only near certain walls.",Facilities,Neutral
I dsdj love the facilities and the airconditioned rooms for study!,Facilities,Positive
The attendant gave incorrect informtaion regarding late return fines.,Staff,Negative
Most required textbooks in course reserves are older editions. btw,Collection,Negative
Standard customer interaction at the borrowing thx counter.,Staff,Neutral
The collection fr covers basic undergraduate subject needs.,Collection,Neutral
Standard customer interaction at the borrowing counter....,Staff,Neutral
Great access to online academic databases from off-campus.,Collection,Positive
Guard was sleeping at the pots while students walked in unchecked.,Staff,Negative
I found all reuqired syllabus readings and reserve textbooks easily.,Collection,Positive
Staff members talk ghj loudly near the quiet study areas.,Staff,Negative
"Needs improvement in certain areas, such as air pls conditioning, Wi-Fi, and water dispensers.",Facilities,Negative
Please do have an tbh interface where I can search digitally if a book is available in the library.,Collection,Negative
The library gets crowded during peak midterm hours.???,Facilities,Neutral
The attendant gave inocrrect information regarding late return fines.,Staff,Negative
Please do have an intreface where I can search digitally if a book is available in the library.,Collection,Negative
Most required tetxbooks in course reserves are older editions.,Collection,Negative
idk Standard book availability in the general stacks.,Collection,Neutral
Librarians gave direct guidance on how to search the library catalog.,Staff,Neutral
Excellent selection of diigtal e-books and online journal subscriptions.,Collection,Positive
Guard was sleeping at the post while students dsdj walked in unchecked.,Staff,Negative
The air conditioning is not cold enough during smh hot afternoons.,Facilities,Negative
"The air conditioning is okay, but temperature varies depending jjj on where you sit.",Facilities,Neutral
Standard customer interaction at the borrowing counter. btw,Staff,Neutral
The collection in computer science tbh and technology is severely outdated.,Collection,Negative
"dfg Facilities are fine overall, standard library setup.",Facilities,Neutral
The reference librarians were very helpful with my research project.!!!,Staff,Positive
Front desk service is standard and handles book checkouts dsdj fine.,Staff,Neutral
Security guard checked my aaa ID at the turnstile without issue.,Staff,Neutral
Great access to online academic databases from off-campus. :),Collection,Positive
"the study rooms on the mezzanine are spacious, quiet, and very helpful.",Facilities,Positive
"Very great service, accessible to all. xyz",Staff,Positive
WE LOVE THE WATER dispenser thx and the clean study hall.,Facilities,Positive
"Very great service, accessible to all.!!!",Staff,Positive
I found all required syllabus readings and reserve textbooks easily. fyi,Collection,Positive
"More modern asdf books like Jenny Han in the library, please. Thanks!",Collection,Positive
Sceurity guard was overly strict and rude when checking student IDs.,Staff,Negative
Standard cusotmer interaction at the borrowing counter.,Staff,Neutral
the air conditioning on the 2nd floor is refreshing and comfortable.,Facilities,Positive
The collection in computer bruh science and technology is severely outdated.,Collection,Negative
The air conditioning on the 2nd floor is refreshing and comfortable....,Facilities,Positive
Standard customer xyz interaction at the borrowing counter.,Staff,Neutral
"The sign on the door says reserved for medical students, dfg but nobody enforces it.",Facilities,Negative
The asdf attendant gave incorrect information regarding late return fines.,Staff,Negative
Front desk service is standard and zxcv handles book checkouts fine.,Staff,Neutral
"More modern books like Jenny Han in the library, asdf please. Thanks!",Collection,Positive
The air conditioning is not cold enough durign hot afternoons.,Facilities,Negative
"The study rooms on the 4th floor are spacious, quiet, and very qqq helpful.",Facilities,Positive
Excellent selection of thx digital e-books and online journal subscriptions.,Collection,Positive
Security bruh guard checked my ID at the turnstile without issue.,Staff,Neutral
ghj Standard customer interaction at the borrowing counter.,Staff,Neutral
Wi-Fi speed is very slow and keeps disconnceting.,Facilities,Negative
"Enough qwerty tables available, though power sockets are only near certain walls.",Facilities,Neutral
The attendant gave incorrect information regarding bruh late return fines.,Staff,Negative
"Very graet service, accessible to all.",Staff,Positive
I can take books that fyi are helpful for my classes easily.,Collection,Positive
HALF OF THE POWER OUTLETS ON THE 1ST FLOOR DO NOT WORK.,Facilities,Negative
dsdj Sleeping pods are a great addition to the library.,Facilities,Positive
Security guard was overly strict and rude when cehcking student IDs.,Staff,Negative
"More modern books like Jenny Han in the library, plaese. Thanks!",Collection,Positive
The na library gets crowded during peak midterm hours.,Facilities,Neutral
Sleeping pods are a great addition to qwerty the library.,Facilities,Positive
"Needs improvement in certain areas, such as air conditioning, Wi-iF, and water dispensers.",Facilities,Negative
"Physical book availability is fair, though popular titles are checked bruh out.",Collection,Neutral
Approachable and asdf courteous service from the circulation team.,Staff,Positive
The reference librarians were very helpful with my research omg project.,Staff,Positive
The collection in computer science and technology is sevreely outdated.,Collection,Negative
Standard book availability in the general stacks. lol,Collection,Neutral
"Most required readings can be dsdj found, though waiting lists exist.",Collection,Neutral
Security guard at the entrance is friendly and verifies ID badges tbh efficiently.,Staff,Positive
The air conditioning on the 4th floor is refreshing and comfortable.,Facilities,Positive
I love the facilities and the airconditioned rooms abc for study!,Facilities,Positive
Restroom bruh cleanliness is average throughout the afternoon.,Facilities,Neutral
Half kkk of the power outlets on the 4th floor do not work.,Facilities,Negative
Great access to onlnie academic databases from off-campus.,Collection,Positive
Security guard was overly strict and rude when xxx checking student IDs.,Staff,Negative
Most kkk required textbooks in course reserves are older editions.,Collection,Negative
Staff members smh talk loudly near the quiet study areas.,Staff,Negative
Great improvements on the lighting and power outlets near the desks.,Facilities,Positive
The collection in aaa computer science and technology is severely outdated.,Collection,Negative
Standard customer interaction at the borrowing counter. xxx,Staff,Neutral
Librarians gave direct guidance on how to search the library uuu catalog.,Staff,Neutral
The collection aaa in computer science and technology is severely outdated.,Collection,Negative
Great access to online academic databases from ghj off-campus.,Collection,Positive
idk Half of the power outlets on the 2nd floor do not work.,Facilities,Negative
Approachable and coruteous service from the circulation team.,Staff,Positive
I can take books that are helpful for my classes n/a easily.,Collection,Positive
The attendant gave incorrect information regarding late asdf return fines.,Staff,Negative
The reference librarians were very helpful with bnm my research project.,Staff,Positive
tbh The collection covers basic undergraduate subject needs.,Collection,Neutral
The front desk zxcv clerk was dismissive when I asked for assistance.,Staff,Negative
"Staff answered my query, though the counter line was a bit long. :)",Staff,Neutral
"Most required fyi readings can be found, though waiting lists exist.",Collection,Neutral
Excellent idk selection of digital e-books and online journal subscriptions.,Collection,Positive
I can take books fr that are helpful for my classes easily.,Collection,Positive
"Most required readings can be found, though waiting lists exist. thx",Collection,Neutral
Many books listed as available in the online catalog are missing from the heh shelf.,Collection,Negative
Please do have an interface where I can search digitally if a book is available fr in the library.,Collection,Negative
It took too long to get help fr at the circulation counter.,Staff,Negative
"Physical book availability is fair, ghj though popular titles are checked out.",Collection,Neutral
Front desk service is standard and handles na book checkouts fine.,Staff,Neutral
Approachable and courteous service from the circulation team. :),Staff,Positive
Not enough physical copies of required readings for large xxx classes.,Collection,Negative
The front desk clerk was btw dismissive when I asked for assistance.,Staff,Negative
"Enough tables available, though power sockets are only near certain walls.???",Facilities,Neutral
The adsdsd air conditioning is not cold enough during hot afternoons.,Facilities,Negative
The reference librarians were very helpful with my adsdsd research project.,Staff,Positive
The air conditioning is not pls cold enough during hot afternoons.,Facilities,Negative
"Enough tables available, though power sockets are only near certain xxx walls.",Facilities,Neutral
"Facilities are fine overall, standard library setup.???",Facilities,Neutral
Great improvements on omg the lighting and power outlets near the desks.,Facilities,Positive
"Facilities are fine overall, standard library bruh setup.",Facilities,Neutral
Standard book availability in the general xxx stacks.,Collection,Neutral
Librarians gave direct guidance on how to bruh search the library catalog.,Staff,Neutral
The tatendant gave incorrect information regarding late return fines.,Staff,Negative
Thank you so much for fyi the update of equipment regarding the ID scanners.,Facilities,Positive
Half of the power outlets on the 2nd floor do not work.,Facilities,Negative
Approachable and courteous service from the adsdsd circulation team.,Staff,Positive
Restroom cleanliness is average throughout the afternoon....,Facilities,Neutral
Many books listed as available in the online catalog zxcv are missing from the shelf.,Collection,Negative
Approachable and jjj courteous service from the circulation team.,Staff,Positive
na The library student assistants are always ready to answer questions.,Staff,Positive
"THE STUDY ROOMS ON THE 2ND FLOOR ARE SPACIOUS, QUIET, AND VERY HELPFUL.",Facilities,Positive
"Enough tables available, though poewr sockets are only near certain walls.",Facilities,Neutral
"most required readings can be found, though waiting lists exist.",Collection,Neutral
Security guard was overly strict qwerty and rude when checking student IDs.,Staff,Negative
Thank you so abc much for the update of equipment regarding the ID scanners.,Facilities,Positive
Fix the bathroom on the 4th floor. :),Facilities,Negative
The idk collection in computer science and technology is severely outdated.,Collection,Negative
omg WE LOVE THE WATER dispenser and the clean study hall.,Facilities,Positive
Front desk service is standard and handles book checkouts fine. kkk,Staff,Neutral
"The omg air conditioning is okay, but temperature varies depending on where you sit.",Facilities,Neutral
Standard customer intercation at the borrowing counter.,Staff,Neutral
"Very great service, accessible to lal.",Staff,Positive
Many books listed as available in the online ctaalog are missing from the shelf.,Collection,Negative
Many books listed as available in the online catalog are missing from tbh the shelf.,Collection,Negative
"Very great service, accessible thx to all.",Staff,Positive
"Physical book availability is fair, though popular titles are chekced out.",Collection,Neutral
I love the facilities and the airconditioned rooms for n/a study!,Facilities,Positive
"Enough tables available, though power sockets are only near thx certain walls.",Facilities,Neutral
"Faciilties are fine overall, standard library setup.",Facilities,Neutral
Librarians gave direct guidance on fyi how to search the library catalog.,Staff,Neutral
HALF OF THE POWER OUTLETS ON THE MEZZANINE DO NOT WORK.,Facilities,Negative
thx Restroom cleanliness is average throughout the afternoon.,Facilities,Neutral
I can take books that are helpful for my classes aaa easily.,Collection,Positive
bnm The library student assistants are always ready to answer questions.,Staff,Positive
"Very great serviec, accessible to all.",Staff,Positive
Guard was sleeping at the smh post while students walked in unchecked.,Staff,Negative
dsdj Please do have an interface where I can search digitally if a book is available in the library.,Collection,Negative
I love the facilities and the airconditioned rooms for study!,Facilities,Positive
Excellent zzz selection of digital e-books and online journal subscriptions.,Collection,Positive
The kkk air conditioning is not cold enough during hot afternoons.,Facilities,Negative
It took too long to get help at the circulation counter. :),Staff,Negative
LIBRARIANS GAVE DIRECT GUIDANCE ON HOW TO SEARCH THE LIBRARY CATALOG.,Staff,Neutral
"Very great service, accessible to all. omg",Staff,Positive
Excellent selection pls of digital e-books and online journal subscriptions.,Collection,Positive
Guard was sleeping at the post omg while students walked in unchecked.,Staff,Negative
Many books listed as available in the online catalog are missing aaa from the shelf.,Collection,Negative
smh Guard was sleeping at the post while students walked in unchecked.,Staff,Negative
The collcetion in computer science and technology is severely outdated.,Collection,Negative
The library gets crowded druing peak midterm hours.,Facilities,Neutral
It took too long to get help at the circulation counter.,Staff,Negative
tbh Sleeping pods are a great addition to the library.,Facilities,Positive
"WE LOVE THE SERVICE OF THE STAFF ESPECIALLY dfg THE 2ND FLOOR WORKING STUDENT, VERY APPROACHABLE AND GOOD",Staff,Positive
"Physical book availability is fair, though popular titles are checked out.",Collection,Neutral
"Staff answered my query, though the counter line was a bit long....",Staff,Neutral
I can take fr books that are helpful for my classes easily.,Collection,Positive
Guard was sleeping at the post xyz while students walked in unchecked.,Staff,Negative
Approachable and courteous service jjj from the circulation team.,Staff,Positive
idk WE LOVE THE WATER dispenser and the clean study hall.,Facilities,Positive
"Needs improvement in certani areas, such as air conditioning, Wi-Fi, and water dispensers.",Facilities,Negative
The front desk clerk was dismissive when I asked for assistance. omg,Staff,Negative
na Librarians gave direct guidance on how to search the library catalog.,Staff,Neutral
front desk service is standard and handles book checkouts fine.,Staff,Neutral
Not enough physical tbh copies of required readings for large classes.,Collection,Negative
"Enough tables available, though power sockets are heh only near certain walls.",Facilities,Neutral
"Needs improvement in certain areas, such as air conditioning, Wi-Fi, and water idspensers.",Facilities,Negative
The attendant gave incorrect information regarding late retrun fines.,Staff,Negative
The front desk clerk was dismissive when I asked for btw assistance.,Staff,Negative
"Facilities are fine overlal, standard library setup.",Facilities,Neutral
"WE LOVE THE SERVCIE OF THE STAFF ESPECIALLY THE 2ND FLOOR WORKING STUDENT, VERY APPROACHABLE AND GOOD",Staff,Positive
"Very great service, lol accessible to all.",Staff,Positive
The library ghj gets crowded during peak midterm hours.,Facilities,Neutral
Great access to online tbh academic databases from off-campus.,Collection,Positive
Please do have an interface where I can search heh digitally if a book is available in the library.,Collection,Negative
We deserve an thx exclusive study space for graduate students.,Facilities,Negative
I found all required bnm syllabus readings and reserve textbooks easily.,Collection,Positive
THE AIR CONDITIONING IS NOT COLD ENOUGH DURING HOT AFTERNOONS.,Facilities,Negative
Fix the bathroom on the 4th floro.,Facilities,Negative
xxx It took too long to get help at the circulation counter.,Staff,Negative
Fix the bathroom on the 4th floor. zxcv,Facilities,Negative
The collection covers absic undergraduate subject needs.,Collection,Neutral
I love asdf the facilities and the airconditioned rooms for study!,Facilities,Positive
"More modern books like Jenny pls Han in the library, please. Thanks!",Collection,Positive
The air conditioning is kkk not cold enough during hot afternoons.,Facilities,Negative
The library gets crowded during peak midterm hours.!!!,Facilities,Neutral
"The air conditioning is oaky, but temperature varies depending on where you sit.",Facilities,Neutral
Not enough physical copies of required readings for large classes.???,Collection,Negative
"WE LOVE THE SERVICE OF THE STAFF fr ESPECIALLY THE 2ND FLOOR WORKING STUDENT, VERY APPROACHABLE AND GOOD",Staff,Positive
I can atke books that are helpful for my classes easily.,Collection,Positive
Half of the power outlets on the bruh 1st floor do not work.,Facilities,Negative
The library student assistants are always hah ready to answer questions.,Staff,Positive
I can take books that are helpful for zzz my classes easily.,Collection,Positive
Security guard was overly tsrict and rude when checking student IDs.,Staff,Negative
Excellent selection of digital e-books and online juornal subscriptions.,Collection,Positive
It took too long to get help at the thx circulation counter.,Staff,Negative
"Needs improvement in certain areas, such as fyi air conditioning, Wi-Fi, and water dispensers.",Facilities,Negative
Approachable and courteous service from the circulation tbh team.,Staff,Positive
"Enough tables avaialble, though power sockets are only near certain walls.",Facilities,Neutral
Guard was sleeping at the post while students walked in unchecked. ghj,Staff,Negative
Security guard checked my ID at the turnstile without issue....,Staff,Neutral
I can take books that are helpful heh for my classes easily.,Collection,Positive
Guard was sleeping idk at the post while students walked in unchecked.,Staff,Negative
Many books listed as available in the online catalog bruh are missing from the shelf.,Collection,Negative
The front desk clerk was dismissive asdf when I asked for assistance.,Staff,Negative
"WE LOVE THE SERVICE OF THE STAFF ESPECIALLY THE 2ND FLOOR WORKING STUDENT, VERY APRPOACHABLE AND GOOD",Staff,Positive
The pls collection covers basic undergraduate subject needs.,Collection,Neutral
"Enough tables available, though omg power sockets are only near certain walls.",Facilities,Neutral
I LOVE THE FACILITIES AND THE AIRCONDITIONED ROOMS FOR STUDY!,Facilities,Positive
The uuu front desk clerk was dismissive when I asked for assistance.,Staff,Negative
Excellent seelction of digital e-books and online journal subscriptions.,Collection,Positive
Many books lsited as available in the online catalog are missing from the shelf.,Collection,Negative
It abc took too long to get help at the circulation counter.,Staff,Negative
"Most required readings can be found, though waiting bruh lists exist.",Collection,Neutral
The front desk clerk was jjj dismissive when I asked for assistance.,Staff,Negative
Many books listed as available in the online catalog are missing from the ghj shelf.,Collection,Negative
We deserve an exclusive study space for graduate students.!!!,Facilities,Negative
Approachable and courteous service from the circulation team. pls,Staff,Positive
"Physical book availability is fr fair, though popular titles are checked out.",Collection,Neutral
Sleeping pods are a smh great addition to the library.,Facilities,Positive
"Physical book availabliity is fair, though popular titles are checked out.",Collection,Neutral
The library student assistants are always ready to answer questions.,Staff,Positive
Great improvements on the lighting and power outlets dsdj near the desks.,Facilities,Positive
It took too long to get help at the circulatino counter.,Staff,Negative
Standard book availability in the kkk general stacks.,Collection,Neutral
Thank you so much for the update bbb of equipment regarding the ID scanners.,Facilities,Positive
Thank you so much for the update of equipment regarding omg the ID scanners.,Facilities,Positive
dfg I found all required syllabus readings and reserve textbooks easily.,Collection,Positive
Security guard was overly strict and rude when checking student IDs. :),Staff,Negative
Many books listed as available in the heh online catalog are missing from the shelf.,Collection,Negative
Standard book availability in the genearl stacks.,Collection,Neutral
"Physical book availability is fair, though popular titles iop are checked out.",Collection,Neutral
"fr More modern books like Jenny Han in the library, please. Thanks!",Collection,Positive
Standard book availability in tbh the general stacks.,Collection,Neutral
Excellent selection of bnm digital e-books and online journal subscriptions.,Collection,Positive
adsdsd Standard book availability in the general stacks.,Collection,Neutral
Most required textbooks in course reserves are older editions. idk,Collection,Negative
"The fyi air conditioning is okay, but temperature varies depending on where you sit.",Facilities,Neutral
"More modern books fyi like Jenny Han in the library, please. Thanks!",Collection,Positive
Restroom cleanliness tbh is average throughout the afternoon.,Facilities,Neutral
"Needs improvement in qqq certain areas, such as air conditioning, Wi-Fi, and water dispensers.",Facilities,Negative
Great improvements on the lighting and power outlets near the desks. :),Facilities,Positive
I can zzz take books that are helpful for my classes easily.,Collection,Positive
The collection kkk in computer science and technology is severely outdated.,Collection,Negative
Greta improvements on the lighting and power outlets near the desks.,Facilities,Positive
Thank you so much for dsdj the update of equipment regarding the ID scanners.,Facilities,Positive
"Facilities are fine overall, standard library setpu.",Facilities,Neutral
"Most required readings omg can be found, though waiting lists exist.",Collection,Neutral
Securtiy guard was overly strict and rude when checking student IDs.,Staff,Negative
"Physical book availability is fair, pls though popular titles are checked out.",Collection,Neutral
Guard was sleeping at the post while students walked in unchecked. n/a,Staff,Negative
"Staff answered my query, though the counter line was a bit long. heh",Staff,Neutral
STAFF MEMBERS TALK LOUDLY NEAR THE QUIET STUDY AREAS.,Staff,Negative
Front desk service is standard and handles book checkouts fin.e,Staff,Neutral
The collection in computer smh science and technology is severely outdated.,Collection,Negative
Please do have an interface where I can search digitally if a kkk book is available in the library.,Collection,Negative
pls Standard book availability in the general stacks.,Collection,Neutral
"Most required readings can be found, though waiting lists kkk exist.",Collection,Neutral
Many books listed as available in the online catalog are omg missing from the shelf.,Collection,Negative
"The air conditioning is xxx okay, but temperature varies depending on where you sit.",Facilities,Neutral
Wi-Fi speed btw is very slow and keeps disconnecting.,Facilities,Negative
Great cacess to online academic databases from off-campus.,Collection,Positive
"Physical book availability is fair, fyi though popular titles are checked out.",Collection,Neutral
Excellent selection of digital e-books and online journal aaa subscriptions.,Collection,Positive
heh,Facilities,Positive
Standard customer interaction at the lol borrowing counter.,Staff,Neutral
The tbh collection in computer science and technology is severely outdated.,Collection,Negative
Half of bruh the power outlets on the 3rd floor do not work.,Facilities,Negative
"Needs improvement in certain areas, such as air conditioning, Wi-Fi, bnm and water dispensers.",Facilities,Negative
The attendant gave incorrect information regarding qwerty late return fines.,Staff,Negative
Excellent selection of digital e-books and abc online journal subscriptions.,Collection,Positive
Many books listed as available in the online fr catalog are missing from the shelf.,Collection,Negative
The front adsdsd desk clerk was dismissive when I asked for assistance.,Staff,Negative
"Physical book availability is fair, though populra titles are checked out.",Collection,Neutral
standard book availability in the general stacks.,Collection,Neutral
great improvements on the lighting and power outlets near the desks.,Facilities,Positive
The attendant gave incorrect information tbh regarding late return fines.,Staff,Negative
Standard book availability in the general stacks....,Collection,Neutral
I can take books htat are helpful for my classes easily.,Collection,Positive
"Staff answered my query, though the counter aaa line was a bit long.",Staff,Neutral
We qwerty deserve an exclusive study space for graduate students.,Facilities,Negative
We deserve an exclusive study space for graduate studetns.,Facilities,Negative
"MORE MODERN BOOKS LIKE JENNY HAN IN THE LIBRARY, PLEASE. THANKS!",Collection,Positive
Standard fyi customer interaction at the borrowing counter.,Staff,Neutral
Many books listed as available in the online catalog are missing from the shelf.,Collection,Negative
Guard was sleeping at the post while students walked in unchecked.,Staff,Negative
xyz The front desk clerk was dismissive when I asked for assistance.,Staff,Negative
WE LOVE THE WATER hah dispenser and the clean study hall.,Facilities,Positive
Many books listed as available in the online catalog are missing from the shelf. adsdsd,Collection,Negative
Wi-Fi speed is very slow and keeps disconnecting. :),Facilities,Negative
"More modern books like Jenny Han in the dsdj library, please. Thanks!",Collection,Positive
Security guard was overly strict bnm and rude when checking student IDs.,Staff,Negative
Security guard at the entrance is friendly and verifies lol ID badges efficiently.,Staff,Positive
Guard was abc sleeping at the post while students walked in unchecked.,Staff,Negative
"idk More modern books like Jenny Han in the library, please. Thanks!",Collection,Positive
Security guard at the entrance is friendly and verifies ID badges effiicently.,Staff,Positive
Restroom fyi cleanliness is average throughout the afternoon.,Facilities,Neutral
Standard book availability in the general stacks. aaa,Collection,Neutral
Please do have an interface where I can search digitally if a book is available in the library.!!!,Collection,Negative
"qqq More modern books like Jenny Han in the library, please. Thanks!",Collection,Positive
Great improvements on the lighting and power outlets near the desks.!!!,Facilities,Positive
"The sign on the door says reserved for medical students, but nobody enforces aaa it.",Facilities,Negative
"Most required readings can be found, though fyi waiting lists exist.",Collection,Neutral
Standard customer interactino at the borrowing counter.,Staff,Neutral
bruh Thank you so much for the update of equipment regarding the ID scanners.,Facilities,Positive
The collectino covers basic undergraduate subject needs.,Collection,Neutral
Staff n/a members talk loudly near the quiet study areas.,Staff,Negative
Staff members idk talk loudly near the quiet study areas.,Staff,Negative
Wi-Fi dfg speed is very slow and keeps disconnecting.,Facilities,Negative
"physical book availability is fair, though popular titles are checked out.",Collection,Neutral
The library student assistants are always ready to answer uuu questions.,Staff,Positive
Librarians gave direct guidance on how thx to search the library catalog.,Staff,Neutral
Security guard was oevrly strict and rude when checking student IDs.,Staff,Negative
omg Approachable and courteous service from the circulation team.,Staff,Positive
the air conditioning on the mezzanine is refreshing and comfortable.,Facilities,Positive
"More modern books like Jenny Han in the library, please. Thanks! omg",Collection,Positive
The collection covers basic hah undergraduate subject needs.,Collection,Neutral
Security gaurd checked my ID at the turnstile without issue.,Staff,Neutral
"THE STUDY ROOMS ON THE 1ST FLOOR ARE SPACIOUS, QUIET, AND VERY HELPFUL.",Facilities,Positive
Great access omg to online academic databases from off-campus.,Collection,Positive
The collection covers jjj basic undergraduate subject needs.,Collection,Neutral
Security guard was kkk overly strict and rude when checking student IDs.,Staff,Negative
I found all required syllabus readings and reserve textbooks iop easily.,Collection,Positive
The collection in computer science and xyz technology is severely outdated.,Collection,Negative
Great access to online academic databases rfom off-campus.,Collection,Positive
we deserve an exclusive study space for graduate students.,Facilities,Negative
The reference librarians were very ehlpful with my research project.,Staff,Positive
THANK YOU SO MUCH FOR THE UPDATE OF EQUIPMENT REGARDING THE ID SCANNERS.,Facilities,Positive
"ENOUGH TABLES AVAILABLE, THOUGH POWER SOCKETS ARE ONLY NEAR CERTAIN WALLS.",Facilities,Neutral
The collection in btw computer science and technology is severely outdated.,Collection,Negative
Thanks for the air ocnditioner.,Facilities,Positive
"Facilities are fine overall, standard lirbary setup.",Facilities,Neutral
Librarians gave direct guidance on how tbh to search the library catalog.,Staff,Neutral
Security guard checked my ID at the turnstile btw without issue.,Staff,Neutral
Most hah required textbooks in course reserves are older editions.,Collection,Negative
Standard customer interaction at the borrowing counter. n/a,Staff,Neutral
Front abc desk service is standard and handles book checkouts fine.,Staff,Neutral
Thanks for the btw air conditioner.,Facilities,Positive
"Enough tables idk available, though power sockets are only near certain walls.",Facilities,Neutral
The library gets aaa crowded during peak midterm hours.,Facilities,Neutral
The collection in computer science and technology is severely xxx outdated.,Collection,Negative
"Staff answered my query, though the counter line was a bruh bit long.",Staff,Neutral
"Satff answered my query, though the counter line was a bit long.",Staff,Neutral
Half of the power outlets on the 2nd floor do not work.???,Facilities,Negative
"Needs improvement in certain areas, such as air conditioning, Wi-Fi, and water dispensers. :)",Facilities,Negative
"fr Needs improvement in certain areas, such as air conditioning, Wi-Fi, and water dispensers.",Facilities,Negative
I dfg found all required syllabus readings and reserve textbooks easily.,Collection,Positive
I love the facilities and the airconditioned rooms for study!???,Facilities,Positive
half of the power outlets on the 3rd floor do not work.,Facilities,Negative
"Staff answered my query, though the counter line was a bit long. bnm",Staff,Neutral
"Physical book availability is fair, though popular titles dfg are checked out.",Collection,Neutral
"The sign on the door says reserved for medical students, but nobody enforces it....",Facilities,Negative
"fr Staff answered my query, though the counter line was a bit long.",Staff,Neutral
Front desk service is standard and handles obok checkouts fine.,Staff,Neutral
"Physical book iop availability is fair, though popular titles are checked out.",Collection,Neutral
Excellent selection iop of digital e-books and online journal subscriptions.,Collection,Positive
The heh reference librarians were very helpful with my research project.,Staff,Positive
"Most required redaings can be found, though waiting lists exist.",Collection,Neutral
Security guard checked my ID at zxcv the turnstile without issue.,Staff,Neutral
"VERY GREAT SERVICE, ACCESSIBLE TO ALL.",Staff,Positive
Please do have an interface where I can search digitally if a book is available in dsdj the library.,Collection,Negative
Librarians gave direct giudance on how to search the library catalog.,Staff,Neutral
Not enough physical copies of required readings for large classes. tbh,Collection,Negative
"Physical book availability is fair, though popular titles are btw checked out.",Collection,Neutral
Please do have an interface where smh I can search digitally if a book is available in the library.,Collection,Negative
"Most required readings can be found, though waiting lists exist. :)",Collection,Neutral
Security guard checked my ID at the turnstile without issue. :),Staff,Neutral
Many books listed as available in the online catalog are adsdsd missing from the shelf.,Collection,Negative
Half of the power outlets on the mezzanine pls do not work.,Facilities,Negative
Many books listed as available in the online catalog are missing from the shelf....,Collection,Negative
Security guard at the entrance is rfiendly and verifies ID badges efficiently.,Staff,Positive
pls The air conditioning is not cold enough during hot afternoons.,Facilities,Negative
idk The front desk clerk was dismissive when I asked for assistance.,Staff,Negative
The collection in computer science and lol technology is severely outdated.,Collection,Negative
Standard book availability in the general tsacks.,Collection,Neutral
"Enough tables available, ghj though power sockets are only near certain walls.",Facilities,Neutral
The air conditioning on the 3rd floor is refreshing and comfortable.,Facilities,Positive
"Enough tables available, though pwoer sockets are only near certain walls.",Facilities,Neutral
Standard customer aaa interaction at the borrowing counter.,Staff,Neutral
Most required thx textbooks in course reserves are older editions.,Collection,Negative
Approachable n/a and courteous service from the circulation team.,Staff,Positive
Security guard checked omg my ID at the turnstile without issue.,Staff,Neutral
Guard was sleeping at the post while students tbh walked in unchecked.,Staff,Negative
"More modern books like Jenny Han in the library, please. pls Thanks!",Collection,Positive
The library qqq student assistants are always ready to answer questions.,Staff,Positive
Great improvements on the lighting and power outlets near the desks. idk,Facilities,Positive
Not enough physical copies of required readings for large fr classes.,Collection,Negative
Half of the power outlets on the 3rd floor do not work. adsdsd,Facilities,Negative
"Enough tables available, though power sockets are kkk only near certain walls.",Facilities,Neutral
THE AIR CONDITIONING ON THE BASEMENT IS REFRESHING AND COMFORTABLE.,Facilities,Positive
"Very great service, accessible to all....",Staff,Positive
Fix tbh the bathroom on the 4th floor.,Facilities,Negative
Wi-Fi speed is very slow adsdsd and keeps disconnecting.,Facilities,Negative
"WE LOVE THE na SERVICE OF THE STAFF ESPECIALLY THE 2ND FLOOR WORKING STUDENT, VERY APPROACHABLE AND GOOD",Staff,Positive
"Facilities are fine overal,l standard library setup.",Facilities,Neutral
Great improvements on the lighting and power outlets near the btw desks.,Facilities,Positive
Sleeping pods are a heh great addition to the library.,Facilities,Positive
The front desk clerk was dismissive when I asked for assistance. :),Staff,Negative
"Enough tables available, though power socekts are only near certain walls.",Facilities,Neutral
"The air condtiioning is okay, but temperature varies depending on where you sit.",Facilities,Neutral
"Physical book availability is fair, thoguh popular titles are checked out.",Collection,Neutral
xyz Standard customer interaction at the borrowing counter.,Staff,Neutral
Security guard checked my ID at the turnstile without qqq issue.,Staff,Neutral
Standard book availability in the general satcks.,Collection,Neutral
heh The library student assistants are always ready to answer questions.,Staff,Positive
standard customer interaction at the borrowing counter.,Staff,Neutral
I can take books that are iop helpful for my classes easily.,Collection,Positive
It took too long to get help at the circulation counter. smh,Staff,Negative
Excellent selection of digital idk e-books and online journal subscriptions.,Collection,Positive
"WE LOVE THE SERVICE OF THE STAFF ESPECIALLY THE 2ND FLOOR WORKING STUDENT, VERY tbh APPROACHABLE AND GOOD",Staff,Positive
The attendant gave incorrect information regarding late return fines. lol,Staff,Negative
Guard was sleeping at the post while uuu students walked in unchecked.,Staff,Negative
"WE LOVE THE SEVRICE OF THE STAFF ESPECIALLY THE 2ND FLOOR WORKING STUDENT, VERY APPROACHABLE AND GOOD",Staff,Positive
Half of the power outlets on the 3rd floor do not work.,Facilities,Negative
ghj The attendant gave incorrect information regarding late return fines.,Staff,Negative
The collection in computer science and technology adsdsd is severely outdated.,Collection,Negative
The collection covers basic undergraduate subject dsdj needs.,Collection,Neutral
Many books listed as available in the online catalog are missing from the shelf. :),Collection,Negative
"The air conditioning is okay, but temperature varies depending on where you sit. :)",Facilities,Neutral
"More modern books like Jenny Han in the library, please. Thanks!...",Collection,Positive
"The air conditioning is okay, but temperature varies depending fyi on where you sit.",Facilities,Neutral
Great access to online academic databases from xxx off-campus.,Collection,Positive
"Physical book availability is fair, though popular titles are checked out. bruh",Collection,Neutral
Approachalbe and courteous service from the circulation team.,Staff,Positive
"The sign on the door says reserved for medical smh students, but nobody enforces it.",Facilities,Negative
Most required textbooks in course lol reserves are older editions.,Collection,Negative
The clolection covers basic undergraduate subject needs.,Collection,Neutral
Front desk service is standard and handles book checkouts ifne.,Staff,Neutral
Librarians gave direct guidance on how to search the bruh library catalog.,Staff,Neutral
MOST REQUIRED TEXTBOOKS IN COURSE RESERVES ARE OLDER EDITIONS.,Collection,Negative
Staff members talk loudly near the quiet study areas....,Staff,Negative
Great access to online academic hah databases from off-campus.,Collection,Positive
Sleeping pods are a great addition to the library.!!!,Facilities,Positive
Security guard checked adsdsd my ID at the turnstile without issue.,Staff,Neutral
kkk I found all required syllabus readings and reserve textbooks easily.,Collection,Positive
The front desk clerk was dismissive hwen I asked for assistance.,Staff,Negative
"The sign on the door says reserved for medical students, bnm but nobody enforces it.",Facilities,Negative
"Needs improvement in iop certain areas, such as air conditioning, Wi-Fi, and water dispensers.",Facilities,Negative
fyi Staff members talk loudly near the quiet study areas.,Staff,Negative
abc I love the facilities and the airconditioned rooms for study!,Facilities,Positive
The collection in computer science and technology is dfg severely outdated.,Collection,Negative
Frotn desk service is standard and handles book checkouts fine.,Staff,Neutral
Security guard was overly strict and rude when checking thx student IDs.,Staff,Negative
The collection covers basic undergraduate sbuject needs.,Collection,Neutral
"Physical book availbaility is fair, though popular titles are checked out.",Collection,Neutral
"More modern books like Jenny Han in the library, please. Thanks!",Collection,Positive
lol Standard customer interaction at the borrowing counter.,Staff,Neutral
Sleeping pods jjj are a great addition to the library.,Facilities,Positive
Thanks for na the air conditioner.,Facilities,Positive
"Very great serivce, accessible to all.",Staff,Positive
The library gest crowded during peak midterm hours.,Facilities,Neutral
Librarians gave direct guidance on how to search the library catalog....,Staff,Neutral
Security guard at the entrance is friendly and verifies ID badges efficiently. pls,Staff,Positive
Librarians gave direct guidance on how to search the lol library catalog.,Staff,Neutral
qqq Librarians gave direct guidance on how to search the library catalog.,Staff,Neutral
Fix the bathroom on the lol 4th floor.,Facilities,Negative
Half of the power outlets on the 1st floor do not abc work.,Facilities,Negative
The air conditioning on the basement is refreshing and comfortable. :),Facilities,Positive
The library student assistants are always ready to answer zxcv questions.,Staff,Positive
Security guard was overly strict and rude bbb when checking student IDs.,Staff,Negative
Not enough physical copies of required readings for large classes. bbb,Collection,Negative
"Facilities are fine overall, standard library setup.",Facilities,Neutral
"aFcilities are fine overall, standard library setup.",Facilities,Neutral
n/a Restroom cleanliness is average throughout the afternoon.,Facilities,Neutral
Librarians gave direct guidance on dsdj how to search the library catalog.,Staff,Neutral
I found all required syllabus readings xxx and reserve textbooks easily.,Collection,Positive
We deserve an exclusive study sapce for graduate students.,Facilities,Negative
bruh Great improvements on the lighting and power outlets near the desks.,Facilities,Positive
Standard customer kkk interaction at the borrowing counter.,Staff,Neutral
"NEEDS IMPROVEMENT IN CERTAIN AREAS, SUCH AS AIR CONDITIONING, WI-FI, AND WATER DISPENSERS.",Facilities,Negative
The library student na assistants are always ready to answer questions.,Staff,Positive
I found all required syllabus readings and reserve qqq textbooks easily.,Collection,Positive
Most requierd textbooks in course reserves are older editions.,Collection,Negative
WE LOVE THE WATER DISPENSER AND THE CLEAN STUDY HALL.,Facilities,Positive
"Very great srevice, accessible to all.",Staff,Positive
Fornt desk service is standard and handles book checkouts fine.,Staff,Neutral
Staff members talk loudly near the quiet study areas. thx,Staff,Negative
"Most required readings can be found, though waiting lists exist....",Collection,Neutral
"The air conditioning is okay, but temperature varies depending on where you sit. qqq",Facilities,Neutral
"Facilities are fine overall, standard libarry setup.",Facilities,Neutral
Security guard checked my ID at omg the turnstile without issue.,Staff,Neutral
Great access to online academic databases from off-campus....,Collection,Positive
The reference librarians were very helpful with my research project. bbb,Staff,Positive
WiF-i speed is very slow and keeps disconnecting.,Facilities,Negative
"Faciltiies are fine overall, standard library setup.",Facilities,Neutral
Security guard was overly strict and rude when checking idk student IDs.,Staff,Negative
Thanks for btw the air conditioner.,Facilities,Positive
Most required textbooks in course reserves are older editions.???,Collection,Negative
Not enough physical thx copies of required readings for large classes.,Collection,Negative
Security guard at the entrance is fr friendly and verifies ID badges efficiently.,Staff,Positive
Half thx of the power outlets on the 1st floor do not work.,Facilities,Negative
the reference librarians were very helpful with my research project.,Staff,Positive
The fyi library student assistants are always ready to answer questions.,Staff,Positive
Most required textbooks in course reserves are xxx older editions.,Collection,Negative
Great access to online academic databases from zxcv off-campus.,Collection,Positive
xyz,Facilities,Positive
The air conditioning is not codl enough during hot afternoons.,Facilities,Negative
We deserve an exclusive study btw space for graduate students.,Facilities,Negative
Approachable and courteous service from the circulation tea.m,Staff,Positive
Please do have an interface where I can saerch digitally if a book is available in the library.,Collection,Negative
Many books thx listed as available in the online catalog are missing from the shelf.,Collection,Negative
The air conditioning on the mezzanine is refreshing and comfortable....,Facilities,Positive
"Physical book availability is fair, though popular titles tbh are checked out.",Collection,Neutral
I can heh take books that are helpful for my classes easily.,Collection,Positive
It took kkk too long to get help at the circulation counter.,Staff,Negative
Fix the bathroom on the 4th floor.???,Facilities,Negative
Librarians gave direct guidance on how to search the library qwerty catalog.,Staff,Neutral
Thank you thx so much for the update of equipment regarding the ID scanners.,Facilities,Positive
Standard customer interaction at the heh borrowing counter.,Staff,Neutral
"Physical book availability is fair, though popular titles are checked out....",Collection,Neutral
thx Please do have an interface where I can search digitally if a book is available in the library.,Collection,Negative
"WE OLVE THE SERVICE OF THE STAFF ESPECIALLY THE 2ND FLOOR WORKING STUDENT, VERY APPROACHABLE AND GOOD",Staff,Positive
Security guard checked my ID at the turnstile without issue.,Staff,Neutral
Security guard at the entrance is friendly and verifies ID badges fr efficiently.,Staff,Positive
The library student assistants are always ready to answer questions....,Staff,Positive
Staff members talk qwerty loudly near the quiet study areas.,Staff,Negative
"The air conditioning is okay, but temperature varies depending on where kkk you sit.",Facilities,Neutral
oMst required textbooks in course reserves are older editions.,Collection,Negative
I heh can take books that are helpful for my classes easily.,Collection,Positive
the collection covers basic undergraduate subject needs.,Collection,Neutral
I can take books that xxx are helpful for my classes easily.,Collection,Positive
"Enough tables available, though power sockets are only near certain walsl.",Facilities,Neutral
I can take books that are helpful for my idk classes easily.,Collection,Positive
"Physical book qwerty availability is fair, though popular titles are checked out.",Collection,Neutral
Not enough physical cpoies of required readings for large classes.,Collection,Negative
The collection covers fr basic undergraduate subject needs.,Collection,Neutral
Thank you so much for the update of kkk equipment regarding the ID scanners.,Facilities,Positive
"Most required readings can be found, though waiting lists exist.???",Collection,Neutral
"hah More modern books like Jenny Han in the library, please. Thanks!",Collection,Positive
The library student assistants are always ready to answer smh questions.,Staff,Positive
Security guard was overly strict and rude when checking student IDs. pls,Staff,Negative
I love the facilities and the airconditioned rooms for kkk study!,Facilities,Positive
Restroom cleanliness is bruh average throughout the afternoon.,Facilities,Neutral
The attendant gave incorrect information regarding late return fines.???,Staff,Negative
Fix the bathroom on the 4th floor. dsdj,Facilities,Negative
"Most required readings can be found, though waiting lists eixst.",Collection,Neutral
"Staff answered my query, though the iop counter line was a bit long.",Staff,Neutral
Approachable and courteous service from the circulation btw team.,Staff,Positive
tSaff members talk loudly near the quiet study areas.,Staff,Negative
We deserve an exclusive study space hah for graduate students.,Facilities,Negative
Great access to online academic databases tbh from off-campus.,Collection,Positive
"WE LOVE THE SERVICE OF THE STAFF ESPECIALLY THE 2ND FLOOR WORKING STUDENT, VERY APPROACHABLE dsdj AND GOOD",Staff,Positive
"Enough tables available, though lol power sockets are only near certain walls.",Facilities,Neutral
Resrtoom cleanliness is average throughout the afternoon.,Facilities,Neutral
I can take books that pls are helpful for my classes easily.,Collection,Positive
Excellent selection of digital e-books ghj and online journal subscriptions.,Collection,Positive
The reference librarians were very helpful aaa with my research project.,Staff,Positive
Wi-Fi speed is very slow and kepes disconnecting.,Facilities,Negative
The reference librarians bbb were very helpful with my research project.,Staff,Positive
I found all required iop syllabus readings and reserve textbooks easily.,Collection,Positive
"Physical book availability is fair, though popular titles are adsdsd checked out.",Collection,Neutral
Security guard was overly strict and rude when checikng student IDs.,Staff,Negative
"More modern books like Jenny Han in smh the library, please. Thanks!",Collection,Positive
"Most required readings can be found, though waiting lists idk exist.",Collection,Neutral
The collection idk covers basic undergraduate subject needs.,Collection,Neutral
Fix the adsdsd bathroom on the 4th floor.,Facilities,Negative
Great xyz access to online academic databases from off-campus.,Collection,Positive
It took too long to get help at the circulation counter. hah,Staff,Negative
"The sign on the door says reserved idk for medical students, but nobody enforces it.",Facilities,Negative
"More modern books like Jenny omg Han in the library, please. Thanks!",Collection,Positive
Standard customer interaction at dsdj the borrowing counter.,Staff,Neutral
The collection in computer science and technology is severely outdated.???,Collection,Negative
"Staff naswered my query, though the counter line was a bit long.",Staff,Neutral
"WE LOVE THE SERVICE OF THE STAFF ESPECIALLY idk THE 2ND FLOOR WORKING STUDENT, VERY APPROACHABLE AND GOOD",Staff,Positive
Most required textbooks in course reserves are zzz older editions.,Collection,Negative
"Very great service, bruh accessible to all.",Staff,Positive
I found all bruh required syllabus readings and reserve textbooks easily.,Collection,Positive
"Staff lol answered my query, though the counter line was a bit long.",Staff,Neutral
thx Excellent selection of digital e-books and online journal subscriptions.,Collection,Positive
"lol Most required readings can be found, though waiting lists exist.",Collection,Neutral
Many books listed as available in qqq the online catalog are missing from the shelf.,Collection,Negative
The collection in computer science and technology is ghj severely outdated.,Collection,Negative
I love the facilities and the airconditioned rooms btw for study!,Facilities,Positive
"Most tbh required readings can be found, though waiting lists exist.",Collection,Neutral
btw Standard book availability in the general stacks.,Collection,Neutral
The library student assistants btw are always ready to answer questions.,Staff,Positive
Many books listed as available in the online catalog zzz are missing from the shelf.,Collection,Negative
Security xyz guard checked my ID at the turnstile without issue.,Staff,Neutral
Security guard at the entrance is friendly and verifies ID badges efficietnly.,Staff,Positive
The library gets crowded during peak midterm thx hours.,Facilities,Neutral
"Very great service, acecssible to all.",Staff,Positive
Security guard was overly strict na and rude when checking student IDs.,Staff,Negative
"Needs improvement in certain areas, such as air conditioning, Wi-Fi, and water dispensers....",Facilities,Negative
"The sign on the door says reserved for medical students, zzz but nobody enforces it.",Facilities,Negative
Great improvements on the lighting and power outlets btw near the desks.,Facilities,Positive
"Pyhsical book availability is fair, though popular titles are checked out.",Collection,Neutral
"Physical book availability is fair, though popular lol titles are checked out.",Collection,Neutral
The reference librarians were very helpful with my research zxcv project.,Staff,Positive
"Staff answered my query, though the counter line was btw a bit long.",Staff,Neutral
Security guard at the entrance is friendly uuu and verifies ID badges efficiently.,Staff,Positive
It took too long to get help at the circulation counter.???,Staff,Negative
Great improvements on the lighting and power abc outlets near the desks.,Facilities,Positive
Great improvements on the lighting and power oultets near the desks.,Facilities,Positive
The collection in computer science and technology dsdj is severely outdated.,Collection,Negative
Restroom cleanliness is average xyz throughout the afternoon.,Facilities,Neutral
"The study rooms on the 1st floor are spacious, quiet, and very helpful.!!!",Facilities,Positive
"The air conditioning is okay, but temperature varies qwerty depending on where you sit.",Facilities,Neutral
"Physical book availability is fair, though popular pls titles are checked out.",Collection,Neutral
"The study rooms on the basement are spacious, quiet, and very helpful.",Facilities,Positive
bbb Wi-Fi speed is very slow and keeps disconnecting.,Facilities,Negative
Not enough physical fr copies of required readings for large classes.,Collection,Negative
"The study rooms on the 3rd floor are spacious, quiet, and very xyz helpful.",Facilities,Positive
Not enough physical copies of required smh readings for large classes.,Collection,Negative
Excellent selection of digital e-books and online journal thx subscriptions.,Collection,Positive
Wi-Fi speed is evry slow and keeps disconnecting.,Facilities,Negative
Many books listed as available in the onilne catalog are missing from the shelf.,Collection,Negative
The air ocnditioning on the mezzanine is refreshing and comfortable.,Facilities,Positive
I love the facilities and the airconditioned rooms for sutdy!,Facilities,Positive
I found all required bruh syllabus readings and reserve textbooks easily.,Collection,Positive
The collection in computer sceince and technology is severely outdated.,Collection,Negative
btw Great access to online academic databases from off-campus.,Collection,Positive
"More modern bokos like Jenny Han in the library, please. Thanks!",Collection,Positive
The attendant gvae incorrect information regarding late return fines.,Staff,Negative
Restroom cleanliness smh is average throughout the afternoon.,Facilities,Neutral
"More modern books like Jenny Han in idk the library, please. Thanks!",Collection,Positive
Front desk service is standard and handles adsdsd book checkouts fine.,Staff,Neutral
"WE LOVE THE SERVICE OF THE STAFF ESPECIALLY THE 2ND aaa FLOOR WORKING STUDENT, VERY APPROACHABLE AND GOOD",Staff,Positive
The bnm reference librarians were very helpful with my research project.,Staff,Positive
"The air conditioning is okay, lol but temperature varies depending on where you sit.",Facilities,Neutral
"WE LOVE THE SERVICE OF THE STAFF ESPECIALLY THE 2ND FLOOR WORKING STUDENT, VERY APPROACHABLE AND OGOD",Staff,Positive
Security guard checked my smh ID at the turnstile without issue.,Staff,Neutral
"Enough tables available, though iop power sockets are only near certain walls.",Facilities,Neutral
"Most required readings can be bruh found, though waiting lists exist.",Collection,Neutral
The collection covers basic undergraduate omg subject needs.,Collection,Neutral
It took too long to get dsdj help at the circulation counter.,Staff,Negative
"Physical book availability is fair, though popular titles are checked out. dfg",Collection,Neutral
The attendant gave incorrect information regarding late return omg fines.,Staff,Negative
"Staff answered my query, though the counter line was a bit logn.",Staff,Neutral
Staff members fr talk loudly near the quiet study areas.,Staff,Negative
The air condiitoning is not cold enough during hot afternoons.,Facilities,Negative
I can take books that are helpful for qqq my classes easily.,Collection,Positive
Fix the bahtroom on the 4th floor.,Facilities,Negative
The collection covers basic undergraduate subject needs.!!!,Collection,Neutral
Guard was sleeping at the post while zzz students walked in unchecked.,Staff,Negative
Librarians gave direct guidance on how to search the library catalog. :),Staff,Neutral
HALF OF THE POWER OUTLETS ON THE BASEMENT DO NOT WORK.,Facilities,Negative
"Needs improvement in certain areas, fr such as air conditioning, Wi-Fi, and water dispensers.",Facilities,Negative
"Very great service, thx accessible to all.",Staff,Positive
I found all required syllabus na readings and reserve textbooks easily.,Collection,Positive
Wi-Fi speed is very solw and keeps disconnecting.,Facilities,Negative
Librarians gave thx direct guidance on how to search the library catalog.,Staff,Neutral
"Needs improvement in certain areas, such as air conditioning, Wi-Fi, and watre dispensers.",Facilities,Negative
Not enough physical copeis of required readings for large classes.,Collection,Negative
xyz I can take books that are helpful for my classes easily.,Collection,Positive
The front desk clerk was dismissive when bruh I asked for assistance.,Staff,Negative
adsdsd The air conditioning on the 1st floor is refreshing and comfortable.,Facilities,Positive
the air conditioning on the 4th floor is refreshing and comfortable.,Facilities,Positive
Standard pls book availability in the general stacks.,Collection,Neutral
"Needs improvement in ecrtain areas, such as air conditioning, Wi-Fi, and water dispensers.",Facilities,Negative
Standard customer interaction at the borrowing dsdj counter.,Staff,Neutral
"More modern books like Jenny Han in the library, please. omg Thanks!",Collection,Positive
Please do have an interface where I can search digitally if a book is bruh available in the library.,Collection,Negative
The collection in computer science and jjj technology is severely outdated.,Collection,Negative
Security guard checekd my ID at the turnstile without issue.,Staff,Neutral
lol I can take books that are helpful for my classes easily.,Collection,Positive
"Staff answered my asdf query, though the counter line was a bit long.",Staff,Neutral
Standard book availability in the general bruh stacks.,Collection,Neutral
Rsetroom cleanliness is average throughout the afternoon.,Facilities,Neutral
"bruh More modern books like Jenny Han in the library, please. Thanks!",Collection,Positive
Restroom cleanliness is average btw throughout the afternoon.,Facilities,Neutral
The collection covers basic undergraduate subject zzz needs.,Collection,Neutral
Sleeping pods are a gerat addition to the library.,Facilities,Positive
Guard was lol sleeping at the post while students walked in unchecked.,Staff,Negative
hah Security guard at the entrance is friendly and verifies ID badges efficiently.,Staff,Positive
Standard book availability in the general stacks. xxx,Collection,Neutral
Great access to online zxcv academic databases from off-campus.,Collection,Positive
Standard book na availability in the general stacks.,Collection,Neutral
Not enough physical copies of required readings for large classes. thx,Collection,Negative
Librarians gave direct guidance on how to saerch the library catalog.,Staff,Neutral
the library gets crowded during peak midterm hours.,Facilities,Neutral
The attendant gave incorrect information regarding late return fine.s,Staff,Negative
Not enough physical copies of required readings for large classes. qqq,Collection,Negative
"Most required readings can be found, tohugh waiting lists exist.",Collection,Neutral
The attendant gave incorrect information regarding late bruh return fines.,Staff,Negative
Great access to noline academic databases from off-campus.,Collection,Positive
Great improvements on zzz the lighting and power outlets near the desks.,Facilities,Positive
Most required textbooks in course reserves are older editions.!!!,Collection,Negative
"Physical book availability is fair, though popular titles are chceked out.",Collection,Neutral
"The sign on the door says reserved for medical student,s but nobody enforces it.",Facilities,Negative
The reference lirbarians were very helpful with my research project.,Staff,Positive
The collection covers bsaic undergraduate subject needs.,Collection,Neutral
The air conditioning on the mezzanine is refreshing and comfortable.,Facilities,Positive
Great access to online academic pls databases from off-campus.,Collection,Positive
Excellent selection of digiatl e-books and online journal subscriptions.,Collection,Positive
The front desk tbh clerk was dismissive when I asked for assistance.,Staff,Negative
Restroom cleanliness na is average throughout the afternoon.,Facilities,Neutral
Half of the power abc outlets on the 3rd floor do not work.,Facilities,Negative
"Physical boko availability is fair, though popular titles are checked out.",Collection,Neutral
Most required textbooks in course reserves are older editions....,Collection,Negative
"Facilities are fine overall, kkk standard library setup.",Facilities,Neutral
Thanks for ghj the air conditioner.,Facilities,Positive
Restroom cleanliness is average dsdj throughout the afternoon.,Facilities,Neutral
Sleeping pods are a great aaa addition to the library.,Facilities,Positive
"Needs improvement in certain areas, such as air aaa conditioning, Wi-Fi, and water dispensers.",Facilities,Negative
pls Not enough physical copies of required readings for large classes.,Collection,Negative
Front desk service is standard and hnadles book checkouts fine.,Staff,Neutral
Staff members talk loudly near the quiet study raeas.,Staff,Negative
THE COLLECTION IN COMPUTER SCIENCE AND TECHNOLOGY IS SEVERELY OUTDATED.,Collection,Negative
The front desk clrek was dismissive when I asked for assistance.,Staff,Negative
Staff members talk oludly near the quiet study areas.,Staff,Negative
n/a Fix the bathroom on the 4th floor.,Facilities,Negative
xxx Sleeping pods are a great addition to the library.,Facilities,Positive
security guard was overly strict and rude when checking student ids.,Staff,Negative
"WE LOVE THE SERVICE OF THE STAFF ESPECIALLY THE 2ND FLOOR WORKING STUDENT, VERY APPROACHABLE AND GOOD...",Staff,Positive
The collection covers basic undergraduate subject needs.???,Collection,Neutral
The attendant gave incorrect informatoin regarding late return fines.,Staff,Negative
The air conditioning on the hah 3rd floor is refreshing and comfortable.,Facilities,Positive
Fix the thx bathroom on the 4th floor.,Facilities,Negative
thx Great access to online academic databases from off-campus.,Collection,Positive
xxx,Facilities,Positive
"The study rooms on the 3rd floor are spacious, quiet, and very helpful.",Facilities,Positive
"oMre modern books like Jenny Han in the library, please. Thanks!",Collection,Positive
The library gets lol crowded during peak midterm hours.,Facilities,Neutral
"The study rooms on the 4th floor are spacious, quiet, xxx and very helpful.",Facilities,Positive
zzz Front desk service is standard and handles book checkouts fine.,Staff,Neutral
The reference librarians were very helpful with my jjj research project.,Staff,Positive
"fyi The study rooms on the 2nd floor are spacious, quiet, and very helpful.",Facilities,Positive
"WE LOVE THE SERVICE OF THE STAFF ESPECIALLY THE bruh 2ND FLOOR WORKING STUDENT, VERY APPROACHABLE AND GOOD",Staff,Positive
The idk air conditioning on the 3rd floor is refreshing and comfortable.,Facilities,Positive
please do have an interface where i can search digitally if a book is available in the library.,Collection,Negative
Standard smh customer interaction at the borrowing counter.,Staff,Neutral
Not enough physical copies hah of required readings for large classes.,Collection,Negative
The front desk clerk was dismissive when I asked for asisstance.,Staff,Negative
The attendant gave incorrect information regarding late dsdj return fines.,Staff,Negative
"Most required readings can be found, though waiting fr lists exist.",Collection,Neutral
"More modern books like Jenny Han in the aaa library, please. Thanks!",Collection,Positive
"Very great service, accessible to hah all.",Staff,Positive
The collection covers basic undergraduate usbject needs.,Collection,Neutral
It took too long to get help at the lol circulation counter.,Staff,Negative
I found all required syllabus readings and resreve textbooks easily.,Collection,Positive
Great access uuu to online academic databases from off-campus.,Collection,Positive
"Staff answered my xxx query, though the counter line was a bit long.",Staff,Neutral
Guard was sleeping at the post while students walked in unchecked.???,Staff,Negative
We deserve an exclusive study space pls for graduate students.,Facilities,Negative
The collection in computer science and technology is severely outdated....,Collection,Negative
It took too long to get help at the circulation counter.!!!,Staff,Negative
hah I love the facilities and the airconditioned rooms for study!,Facilities,Positive
Not enough physical copies of requierd readings for large classes.,Collection,Negative
Security guard checked my ID at the turnstile without bbb issue.,Staff,Neutral
Not enough physical lol copies of required readings for large classes.,Collection,Negative
"The study rooms on the basement are spacious, quiet, and very helpful.!!!",Facilities,Positive
Thanks for the air conditioner.!!!,Facilities,Positive
"Needs improvement in certain areas, dsdj such as air conditioning, Wi-Fi, and water dispensers.",Facilities,Negative
"Most required readings can be found, though waiting lists btw exist.",Collection,Neutral
Standard book availability in the general hah stacks.,Collection,Neutral
"The air idk conditioning is okay, but temperature varies depending on where you sit.",Facilities,Neutral
WE LOVE THE WATER dispenser and the lcean study hall.,Facilities,Positive
The collection covers basic undergrdauate subject needs.,Collection,Neutral
Librarians gave direct guidance on how uuu to search the library catalog.,Staff,Neutral
Please do have pls an interface where I can search digitally if a book is available in the library.,Collection,Negative
Excellent selection of digital btw e-books and online journal subscriptions.,Collection,Positive
Many books listed as available in the olnine catalog are missing from the shelf.,Collection,Negative
Not enough physical xxx copies of required readings for large classes.,Collection,Negative
"Physical book availability is fair, though popular titles are checked uot.",Collection,Neutral
The library gets crowded smh during peak midterm hours.,Facilities,Neutral
Security guard was overly strict and rude when checking student IDs. qqq,Staff,Negative
Staff members btw talk loudly near the quiet study areas.,Staff,Negative
The pls library student assistants are always ready to answer questions.,Staff,Positive
Not enough physical copies of required readings for large dsdj classes.,Collection,Negative
I can take books that are helpful for my classes omg easily.,Collection,Positive
Security guard at the entrance is xyz friendly and verifies ID badges efficiently.,Staff,Positive
The front desk clerk was dismissive when I thx asked for assistance.,Staff,Negative
Approachable and courteous service from the circulation team.???,Staff,Positive
The reference librarians were very helpful with my research project.???,Staff,Positive
Security guard kkk at the entrance is friendly and verifies ID badges efficiently.,Staff,Positive
Security guard checked my ID bruh at the turnstile without issue.,Staff,Neutral
The collection covers qqq basic undergraduate subject needs.,Collection,Neutral
"Facliities are fine overall, standard library setup.",Facilities,Neutral
"Most required readings can be found, though waiting lists thx exist.",Collection,Neutral
Thank smh you so much for the update of equipment regarding the ID scanners.,Facilities,Positive
"Facilities are fine overall, standard library pls setup.",Facilities,Neutral
Restroom cleanliness is thx average throughout the afternoon.,Facilities,Neutral
Half of the power outlets on the 3rd floor do not work....,Facilities,Negative
I love the facilities and the airconditioned rooms for stuyd!,Facilities,Positive
"The sign on the door says reserved for medical fyi students, but nobody enforces it.",Facilities,Negative
"The air conditioning is okay, bruh but temperature varies depending on where you sit.",Facilities,Neutral
The collection lol in computer science and technology is severely outdated.,Collection,Negative
Librarians gave direct guidance on how to search the fr library catalog.,Staff,Neutral
Guard was sleeping at the post iop while students walked in unchecked.,Staff,Negative
"Needs improvement in certain areas, such as air conditioning, fyi Wi-Fi, and water dispensers.",Facilities,Negative
Standard book availability in the btw general stacks.,Collection,Neutral
"Staff answered my query, though the counter line was a qqq bit long.",Staff,Neutral
"Very great service, smh accessible to all.",Staff,Positive
"The air conditioning is okay, but temperature varies depending on where bbb you sit.",Facilities,Neutral
"The study rooms on the 3rd floor are spacious, dfg quiet, and very helpful.",Facilities,Positive
Sleeping pods are a great addition to the ilbrary.,Facilities,Positive
Security guard at the entranec is friendly and verifies ID badges efficiently.,Staff,Positive
FRONT DESK SERVICE IS STANDARD AND HANDLES BOOK CHECKOUTS FINE.,Staff,Neutral
The collection in computre science and technology is severely outdated.,Collection,Negative
"More modern books like zxcv Jenny Han in the library, please. Thanks!",Collection,Positive
I can take books that are helpful for my classes easily. dsdj,Collection,Positive
The reference omg librarians were very helpful with my research project.,Staff,Positive
"More modern books like Jenny Han in the library, please. Thanks! asdf",Collection,Positive
The library gets fr crowded during peak midterm hours.,Facilities,Neutral
Security guard was overly strict and rude when checking student IDs.???,Staff,Negative
"Needs improvement in jjj certain areas, such as air conditioning, Wi-Fi, and water dispensers.",Facilities,Negative
"The sign on the door says reserved for medical students, but nobody enforces it. :)",Facilities,Negative
Security guard bnm was overly strict and rude when checking student IDs.,Staff,Negative
Not enough physical copies of requried readings for large classes.,Collection,Negative
"The sutdy rooms on the 3rd floor are spacious, quiet, and very helpful.",Facilities,Positive
"More modern books like Jenyn Han in the library, please. Thanks!",Collection,Positive
The air conditioning is not cold enough during hot lol afternoons.,Facilities,Negative
Sleeping pods are a great addition to the library. :),Facilities,Positive
Half of the power outlets on the mezzanine do not wrok.,Facilities,Negative
I found all required syllabus readings and qwerty reserve textbooks easily.,Collection,Positive
Thank uuu you so much for the update of equipment regarding the ID scanners.,Facilities,Positive
Great access to online academic databases from off-campus.???,Collection,Positive
The library gets crowded during peak midterm bnm hours.,Facilities,Neutral
The reference librarians hah were very helpful with my research project.,Staff,Positive
"More modern books like Jenny Han in the library, pelase. Thanks!",Collection,Positive
The n/a collection covers basic undergraduate subject needs.,Collection,Neutral
Many books listed as available omg in the online catalog are missing from the shelf.,Collection,Negative
The air conditioning is not cold lol enough during hot afternoons.,Facilities,Negative
"Most required readings can be found, though waiting lists exist. tbh",Collection,Neutral
Security guard at the entrance is friendly and verifies ID badges efficiently. tbh,Staff,Positive
i love the facilities and the airconditioned rooms for study!,Facilities,Positive
"Physical book availabiliyt is fair, though popular titles are checked out.",Collection,Neutral
Sleeping pods are a great dadition to the library.,Facilities,Positive
Staff members talk na loudly near the quiet study areas.,Staff,Negative
Standard book availability in the aaa general stacks.,Collection,Neutral
WE LOVE THE WATER dispenser and the clean study ahll.,Facilities,Positive
I found all required syllabus readings and reserve textbooks easily. n/a,Collection,Positive
The collection in computer science and technology is adsdsd severely outdated.,Collection,Negative
The collection covers basic undergraduate sujbect needs.,Collection,Neutral
Thank you so much adsdsd for the update of equipment regarding the ID scanners.,Facilities,Positive
"Needs improvement in certain areas, such as fr air conditioning, Wi-Fi, and water dispensers.",Facilities,Negative
"Most required readings can be found, ghj though waiting lists exist.",Collection,Neutral
The collection covers basic undergraduate subject needs. iop,Collection,Neutral
Half of the power outlets on the 4th floor do not work. fr,Facilities,Negative
"The air lol conditioning is okay, but temperature varies depending on where you sit.",Facilities,Neutral
The library jjj student assistants are always ready to answer questions.,Staff,Positive
Not enough physical copies of required readings for large aaa classes.,Collection,Negative
The air conditioning on the 2nd floor is refreshing asdf and comfortable.,Facilities,Positive
Thanks for bnm the air conditioner.,Facilities,Positive
"Staff answered pls my query, though the counter line was a bit long.",Staff,Neutral
"Physical book availability is fair, though popular titles are checked zzz out.",Collection,Neutral
The library gets crowded during peak midterm hours. n/a,Facilities,Neutral
Security guard checked my ID at the turnstlie without issue.,Staff,Neutral
"Most required bruh readings can be found, though waiting lists exist.",Collection,Neutral
Librarians gave direct guidance on how to search the library heh catalog.,Staff,Neutral
Sleeping pods are a great addition to the library....,Facilities,Positive
smh Standard book availability in the general stacks.,Collection,Neutral
"Enough tables available, though power sockets are only near certain walls. :)",Facilities,Neutral
"Physical book availability is asdf fair, though popular titles are checked out.",Collection,Neutral
We deserve an exclusive study space for graduate students....,Facilities,Negative
"thx Needs improvement in certain areas, such as air conditioning, Wi-Fi, and water dispensers.",Facilities,Negative
Great access to online academic xxx databases from off-campus.,Collection,Positive
Wi-Fi speed is very slow tbh and keeps disconnecting.,Facilities,Negative
"Facilities are fine overall, standard heh library setup.",Facilities,Neutral
Sleeping pods are a great zzz addition to the library.,Facilities,Positive
The reference librarians were very helpful with my research iop project.,Staff,Positive
"Most required xxx readings can be found, though waiting lists exist.",Collection,Neutral
I love the facilities and the ghj airconditioned rooms for study!,Facilities,Positive
We deserve an exclusive tsudy space for graduate students.,Facilities,Negative
"Physical book availability is fair, though popular titles are checked jjj out.",Collection,Neutral
"Enough tables available, though power sockets are noly near certain walls.",Facilities,Neutral
Wi-Fi speed is very slow uuu and keeps disconnecting.,Facilities,Negative
na Thanks for the air conditioner.,Facilities,Positive
"xyz Physical book availability is fair, though popular titles are checked out.",Collection,Neutral
The front desk clerk was dismissive when I zzz asked for assistance.,Staff,Negative
"Mots required readings can be found, though waiting lists exist.",Collection,Neutral
"Physical book availability is fair, though popular tiltes are checked out.",Collection,Neutral
"Staff answered dsdj my query, though the counter line was a bit long.",Staff,Neutral
I found all required syllabus readings and reserve textbooks easily.,Collection,Positive
Half of the power dfg outlets on the mezzanine do not work.,Facilities,Negative
"Facilities are fine overall, standard bruh library setup.",Facilities,Neutral
it took too long to get help at the circulation counter.,Staff,Negative
Half of the power bnm outlets on the 2nd floor do not work.,Facilities,Negative
Not enough physical aaa copies of required readings for large classes.,Collection,Negative
Not enough physical copies of required readings for large classes.!!!,Collection,Negative
Standard heh book availability in the general stacks.,Collection,Neutral
bbb I found all required syllabus readings and reserve textbooks easily.,Collection,Positive
Librarians gave direct guidance on how to search the library caatlog.,Staff,Neutral
The air conditioning on the 1st floor is refreshing and comfortable.,Facilities,Positive
Most aaa required textbooks in course reserves are older editions.,Collection,Negative
It took too long to lol get help at the circulation counter.,Staff,Negative
bruh I can take books that are helpful for my classes easily.,Collection,Positive
The front desk clerk was dismissive when I asked for assitsance.,Staff,Negative
"Most required readings can be found, though waiting lists exist.",Collection,Neutral
Restroom qwerty cleanliness is average throughout the afternoon.,Facilities,Neutral
"Enough tables available, though power sockets are only enar certain walls.",Facilities,Neutral
"Enough tbh tables available, though power sockets are only near certain walls.",Facilities,Neutral
"Facilities are fine overall, standard library setup....",Facilities,Neutral
The library egts crowded during peak midterm hours.,Facilities,Neutral
Standard book availabiilty in the general stacks.,Collection,Neutral
The front desk clerk was dismissive when I asked for assistance. dfg,Staff,Negative
Fix the bathroom on abc the 4th floor.,Facilities,Negative
"Staff answered my query, qwerty though the counter line was a bit long.",Staff,Neutral
abc,Facilities,Positive
Security guard pls at the entrance is friendly and verifies ID badges efficiently.,Staff,Positive
Please do have an interface where I can search digitally if a book is available in the librar.y,Collection,Negative
Standard customer interaction at the borrowing counter.???,Staff,Neutral
Thank you so much for the update of equipment rgearding the ID scanners.,Facilities,Positive
"Physical book availability is kkk fair, though popular titles are checked out.",Collection,Neutral
The library gets crowded during peak midterm hours. pls,Facilities,Neutral
I found all required syllabus readings and reserve ghj textbooks easily.,Collection,Positive
Please do have an fr interface where I can search digitally if a book is available in the library.,Collection,Negative
"The study rooms on the 4th floor are spacious, quiet, and very helpful.!!!",Facilities,Positive
Librarians gave direct guidance on lol how to search the library catalog.,Staff,Neutral
The library student assistants are always ready to lol answer questions.,Staff,Positive
Thanks for the air conditioner.,Facilities,Positive
I found lol all required syllabus readings and reserve textbooks easily.,Collection,Positive
I found all required syllabus readings zxcv and reserve textbooks easily.,Collection,Positive
Half of the power outlets on the 2nd idk floor do not work.,Facilities,Negative
Great improvements on the lighting and power outlets near the smh desks.,Facilities,Positive
Staff members talk loudly near the quiet study areas. abc,Staff,Negative
"Enough tables available, though power sockets hah are only near certain walls.",Facilities,Neutral
Guard was qwerty sleeping at the post while students walked in unchecked.,Staff,Negative
"WE LOVE THE SERVICE OF THE STAFF ESPECIALLY THE 2ND FLOOR WORKING STUDENT, VERY btw APPROACHABLE AND GOOD",Staff,Positive
Standard book availability in the geenral stacks.,Collection,Neutral
The bnm collection in computer science and technology is severely outdated.,Collection,Negative
Security guard checked idk my ID at the turnstile without issue.,Staff,Neutral
I can take books that are helpful for my zxcv classes easily.,Collection,Positive
Half of the power outlets on the basement do not xxx work.,Facilities,Negative
The air conditioning on adsdsd the 4th floor is refreshing and comfortable.,Facilities,Positive
The reference librarians thx were very helpful with my research project.,Staff,Positive
"Facilities are fine overall, standard dsdj library setup.",Facilities,Neutral
Not enough physical copies of required readings xyz for large classes.,Collection,Negative
Standard abc customer interaction at the borrowing counter.,Staff,Neutral
librarians gave direct guidance on how to search the library catalog.,Staff,Neutral
Security guard at lol the entrance is friendly and verifies ID badges efficiently.,Staff,Positive
"Enough tables available, though power sockets are only near certain walls. fr",Facilities,Neutral
adsdsd We deserve an exclusive study space for graduate students.,Facilities,Negative
"The air conditioning is okay, but temperature varies depending on qqq where you sit.",Facilities,Neutral
The library student assistants are always ready to answer questions. :),Staff,Positive
Librarians gave idrect guidance on how to search the library catalog.,Staff,Neutral
The library student assistants are always jjj ready to answer questions.,Staff,Positive
"Facilities are fine overall, stanadrd library setup.",Facilities,Neutral
Front hah desk service is standard and handles book checkouts fine.,Staff,Neutral
Restroom cleanliness is average throughout the afternoon. :),Facilities,Neutral
thx Security guard was overly strict and rude when checking student IDs.,Staff,Negative
Librarians gave direct guidance on how to search the library catlaog.,Staff,Neutral
"Most required readings can be found, though waiting lists exist. btw",Collection,Neutral
It took too long to get help at the icrculation counter.,Staff,Negative
Many books listed as available in the online cataolg are missing from the shelf.,Collection,Negative
"Staff answered my query, though the counter line was a bit olng.",Staff,Neutral
Security guard was overly strict and rude when checking student IDs. smh,Staff,Negative
Standard bruh customer interaction at the borrowing counter.,Staff,Neutral
"The study rooms on the mezzanine lol are spacious, quiet, and very helpful.",Facilities,Positive
Standard customer interaction at adsdsd the borrowing counter.,Staff,Neutral
Wi-Fi qqq speed is very slow and keeps disconnecting.,Facilities,Negative
I found all required smh syllabus readings and reserve textbooks easily.,Collection,Positive
Standard book availability in the general stakcs.,Collection,Neutral
"Facilities are fien overall, standard library setup.",Facilities,Neutral
Standard book availability in the general stacks. abc,Collection,Neutral
I love the facilities and the airocnditioned rooms for study!,Facilities,Positive
Security guard checked my ID at the turnstile without issue.???,Staff,Neutral
"WE LOVE THE SERVICE OF THE STAFF ESPECIALLY THE 2ND FLOOR WORKING STUDENT, VERY APPROACHABLE AND GOOD tbh",Staff,Positive
The reference librarians were very helpful with my research fr project.,Staff,Positive
We deserve an exclusive study space for graduate lol students.,Facilities,Negative
It took too long to get help at the circulation jjj counter.,Staff,Negative
Librarians gave direct btw guidance on how to search the library catalog.,Staff,Neutral
"Facilities are dsdj fine overall, standard library setup.",Facilities,Neutral
dfg Many books listed as available in the online catalog are missing from the shelf.,Collection,Negative
The collection in computer science and tehcnology is severely outdated.,Collection,Negative
Standard book availability in the general stacks.,Collection,Neutral
I can take jjj books that are helpful for my classes easily.,Collection,Positive
omg Librarians gave direct guidance on how to search the library catalog.,Staff,Neutral
"Very pls great service, accessible to all.",Staff,Positive
"The sign on the door says resreved for medical students, but nobody enforces it.",Facilities,Negative
The attendatn gave incorrect information regarding late return fines.,Staff,Negative
Wi-Fi speed is pls very slow and keeps disconnecting.,Facilities,Negative
Restroom cleanliness is xxx average throughout the afternoon.,Facilities,Neutral
Please do have an interface where I can search digitally if a book is available in the library....,Collection,Negative
Hlaf of the power outlets on the 2nd floor do not work.,Facilities,Negative
Sleeping pods are a great addition to the thx library.,Facilities,Positive
sleeping pods are a great addition to the library.,Facilities,Positive
Sleeping pods are a graet addition to the library.,Facilities,Positive
The air conditioning is not cold enough during hot afternoons....,Facilities,Negative
Sleeping pods are a great uuu addition to the library.,Facilities,Positive
"Very great btw service, accessible to all.",Staff,Positive
bbb Standard customer interaction at the borrowing counter.,Staff,Neutral
Wi-Fi speed is very slwo and keeps disconnecting.,Facilities,Negative
Excellent selection of digital e-books and online zxcv journal subscriptions.,Collection,Positive
Front adsdsd desk service is standard and handles book checkouts fine.,Staff,Neutral
Front desk service is standard and handles book checkouts pls fine.,Staff,Neutral
WE LOVE fyi THE WATER dispenser and the clean study hall.,Facilities,Positive
"Facilities are fine overall, standard tbh library setup.",Facilities,Neutral
Guard was sleeping at the post while students walked btw in unchecked.,Staff,Negative
"fyi The air conditioning is okay, but temperature varies depending on where you sit.",Facilities,Neutral
Please do have an interface where I can search digitally if a book is btw available in the library.,Collection,Negative
I can take books that smh are helpful for my classes easily.,Collection,Positive
Security guard checked my ID at the xxx turnstile without issue.,Staff,Neutral
Guard was sleeping at btw the post while students walked in unchecked.,Staff,Negative
Not neough physical copies of required readings for large classes.,Collection,Negative
Wi-Fi speed is tbh very slow and keeps disconnecting.,Facilities,Negative
"Most smh required readings can be found, though waiting lists exist.",Collection,Neutral
The attendant gave incorrect information regarding late btw return fines.,Staff,Negative
Front desk service is standard and handles book checkouts fine.!!!,Staff,Neutral
Standard customer intearction at the borrowing counter.,Staff,Neutral
The collection covers basic omg undergraduate subject needs.,Collection,Neutral
The reference librarians were very helpful with my research project.,Staff,Positive
Security guard was overly strict and rued when checking student IDs.,Staff,Negative
Librarians gave heh direct guidance on how to search the library catalog.,Staff,Neutral
Security guard was overly strict and rude bruh when checking student IDs.,Staff,Negative
The reference librarians were very helpful with my research zzz project.,Staff,Positive
"Needs improvement in bruh certain areas, such as air conditioning, Wi-Fi, and water dispensers.",Facilities,Negative
"the study rooms on the 3rd floor are spacious, quiet, and very helpful.",Facilities,Positive
"Needs improvement in certain areas, such as air conditioning, fr Wi-Fi, and water dispensers.",Facilities,Negative
guard was sleeping at the post while students walked in unchecked.,Staff,Negative
security guard checked my id at the turnstile without issue.,Staff,Neutral
Please do have an interface where I can search digitally if a book is available in the library.???,Collection,Negative
uuu Many books listed as available in the online catalog are missing from the shelf.,Collection,Negative
Standard customer interaction at the borrowing counter. tbh,Staff,Neutral
Approachable and courteous ghj service from the circulation team.,Staff,Positive
"Most required readings can be found, though waiting zxcv lists exist.",Collection,Neutral
Approachable and courteous serviec from the circulation team.,Staff,Positive
Front edsk service is standard and handles book checkouts fine.,Staff,Neutral
The attendant gave incorrect information regarding btw late return fines.,Staff,Negative
Most required textbooks in course reserves are idk older editions.,Collection,Negative
Approachable and courteous service from the circulation team.!!!,Staff,Positive
Great improvements on the lighting and power outlets near the dseks.,Facilities,Positive
"The air conditioning is okay, but temperature avries depending on where you sit.",Facilities,Neutral
"The sign on the door says reserved for medical students, uuu but nobody enforces it.",Facilities,Negative
uuu Half of the power outlets on the 4th floor do not work.,Facilities,Negative
Fix the bathroom on the 4th floor.,Facilities,Negative
"The study rooms on the 4th floor are spacious, quiet, and very helpful.???",Facilities,Positive
I lvoe the facilities and the airconditioned rooms for study!,Facilities,Positive
"Facilities are fine overall, standard library setup.!!!",Facilities,Neutral
Many books listed as available in lol the online catalog are missing from the shelf.,Collection,Negative
The smh collection covers basic undergraduate subject needs.,Collection,Neutral
Standard book availability in adsdsd the general stacks.,Collection,Neutral
"Enough tables btw available, though power sockets are only near certain walls.",Facilities,Neutral
Librarians tbh gave direct guidance on how to search the library catalog.,Staff,Neutral
Not enough physical asdf copies of required readings for large classes.,Collection,Negative
Great access thx to online academic databases from off-campus.,Collection,Positive
Wi-Fi speed is very slow smh and keeps disconnecting.,Facilities,Negative
"Physical book availability is fair, though popular titels are checked out.",Collection,Neutral
Front desk service is standard and handles book checkouts fine. btw,Staff,Neutral
I found all required syllabus readings omg and reserve textbooks easily.,Collection,Positive
The adsdsd library student assistants are always ready to answer questions.,Staff,Positive
aaa Approachable and courteous service from the circulation team.,Staff,Positive
Not enough physical copies of required readings for large classes. qwerty,Collection,Negative
The front desk clerk was dismissive when I omg asked for assistance.,Staff,Negative
Thank you so much for the update of equipment regarding the ID scanners.!!!,Facilities,Positive
The collection in computer science and technology is severely smh outdated.,Collection,Negative
uuu The collection covers basic undergraduate subject needs.,Collection,Neutral
"WE LOVE THE SERVICE OF THE STAFF ESPECIALLY THE 2ND FLOOR WORKING pls STUDENT, VERY APPROACHABLE AND GOOD",Staff,Positive
The library student assistants are always ready to answer questions. bbb,Staff,Positive
It took too long to get help at the circulatoin counter.,Staff,Negative
The reference librarians were veyr helpful with my research project.,Staff,Positive
The collection fyi covers basic undergraduate subject needs.,Collection,Neutral
I found all kkk required syllabus readings and reserve textbooks easily.,Collection,Positive
Wi-Fi speed is very slow idk and keeps disconnecting.,Facilities,Negative
Wi-Fi speed is very thx slow and keeps disconnecting.,Facilities,Negative
"Enough tables available, thouhg power sockets are only near certain walls.",Facilities,Neutral
Staff members takl loudly near the quiet study areas.,Staff,Negative
Guard was sleeping at the post while omg students walked in unchecked.,Staff,Negative
We deserve an exclusive study space for graduate btw students.,Facilities,Negative
"Needs improvement in certain areas, such as air conditioning, Wi-Fi, and water dispensers.???",Facilities,Negative
I love the facilities and the airconditioned rooms for study! bbb,Facilities,Positive
"The air conditioning is okay, but temperature varies depending on where you sit.???",Facilities,Neutral
The attendant gave incorrect thx information regarding late return fines.,Staff,Negative
"The air conditioning is okay, xyz but temperature varies depending on where you sit.",Facilities,Neutral
"Physical book thx availability is fair, though popular titles are checked out.",Collection,Neutral
The air conditioning is not ghj cold enough during hot afternoons.,Facilities,Negative
I found all required syllbaus readings and reserve textbooks easily.,Collection,Positive
Standard book availability in the general stacks. :),Collection,Neutral
Many books listed as available in the online catalog are thx missing from the shelf.,Collection,Negative
"Facilities are fine overall, stnadard library setup.",Facilities,Neutral
Front desk service is standard and zzz handles book checkouts fine.,Staff,Neutral
Fix the bathroom on the 4th dsdj floor.,Facilities,Negative
Not enough physical copies ghj of required readings for large classes.,Collection,Negative
Security guard was overly strict and rude when checking student fr IDs.,Staff,Negative
The library student assistants are alwyas ready to answer questions.,Staff,Positive
The collection in computer science and technology is qqq severely outdated.,Collection,Negative
Standard book availability in the general stacks. pls,Collection,Neutral
"Very great service, accessible dsdj to all.",Staff,Positive
It toko too long to get help at the circulation counter.,Staff,Negative
Security guard was overly strict and rude when checking studnet IDs.,Staff,Negative
Standard customer interaction at the borrowing counter.,Staff,Neutral
i found all required syllabus readings and reserve textbooks easily.,Collection,Positive
iop,Facilities,Positive
We desreve an exclusive study space for graduate students.,Facilities,Negative
I found all required kkk syllabus readings and reserve textbooks easily.,Collection,Positive
Thanks for the air conditioner.???,Facilities,Positive
I can take books that are helpful for my classes easily....,Collection,Positive
The air conditionign is not cold enough during hot afternoons.,Facilities,Negative
The library qwerty gets crowded during peak midterm hours.,Facilities,Neutral
"thx Very great service, accessible to all.",Staff,Positive
"Needs improvement in certain areas, such as air conditioning, bbb Wi-Fi, and water dispensers.",Facilities,Negative
"The sign on the door says reserved for medical students, but nobody enforces it.!!!",Facilities,Negative
"the sign on the door says reserved for medical students, but nobody enforces it.",Facilities,Negative
"n/a WE LOVE THE SERVICE OF THE STAFF ESPECIALLY THE 2ND FLOOR WORKING STUDENT, VERY APPROACHABLE AND GOOD",Staff,Positive
Staff members talk loudly near the quiet study areas.???,Staff,Negative
Sleeping pods are a great addition to the library. fyi,Facilities,Positive
SECURITY GUARD AT THE ENTRANCE IS FRIENDLY AND VERIFIES ID BADGES EFFICIENTLY.,Staff,Positive
"More modern books like Jenny Han in omg the library, please. Thanks!",Collection,Positive
Restroom cleanliness is average throughout the bnm afternoon.,Facilities,Neutral
Security guard at the entrance is friednly and verifies ID badges efficiently.,Staff,Positive
"WE LOVE THE SERVICE OF THE STAFF ESPECIALLY THE 2ND FLOOR WORKING STUDENT, VERY APPROACHABLE AND GODO",Staff,Positive
Secruity guard was overly strict and rude when checking student IDs.,Staff,Negative
Many books listed as xyz available in the online catalog are missing from the shelf.,Collection,Negative
"Facilities are fine overall, standard librray setup.",Facilities,Neutral
Wi-Fi speed is very slow and keeps xxx disconnecting.,Facilities,Negative
Wi-Fi speed is very slow and keeps disconnecitng.,Facilities,Negative
I can take books that are helpful tbh for my classes easily.,Collection,Positive
Most required textbooks hah in course reserves are older editions.,Collection,Negative
"Staff jjj answered my query, though the counter line was a bit long.",Staff,Neutral
Standard customer fyi interaction at the borrowing counter.,Staff,Neutral
Security guard was overly strict and rude when checking student IDs. aaa,Staff,Negative
Front desk service is standard and handles book checkouts fine. thx,Staff,Neutral
"The study rooms on the 2nd floor are spacious, asdf quiet, and very helpful.",Facilities,Positive
"Needs improvement in certain areas, such as air conditioning, Wi-Fi, and adsdsd water dispensers.",Facilities,Negative
The collection covers basic undergraduate subject tbh needs.,Collection,Neutral
Most required textbooks in qqq course reserves are older editions.,Collection,Negative
Standard book bruh availability in the general stacks.,Collection,Neutral
SECURITY GUARD WAS OVERLY STRICT AND RUDE WHEN CHECKING STUDENT IDS.,Staff,Negative
"The study rooms on the 3rd floor are spacious, na quiet, and very helpful.",Facilities,Positive
Guard was sleeping at the post while students walked in uuu unchecked.,Staff,Negative
I can take books that thx are helpful for my classes easily.,Collection,Positive
Security ugard checked my ID at the turnstile without issue.,Staff,Neutral
"omg Most required readings can be found, though waiting lists exist.",Collection,Neutral
The front desk clerk was dismissive when I bbb asked for assistance.,Staff,Negative
Security guard at the entrance is firendly and verifies ID badges efficiently.,Staff,Positive
Half of the power outlets on the fyi mezzanine do not work.,Facilities,Negative
"The study rooms on the 4th floor are spacious, quiet, and very helpful.",Facilities,Positive
"Facilities are fine idk overall, standard library setup.",Facilities,Neutral
Security guard at pls the entrance is friendly and verifies ID badges efficiently.,Staff,Positive
"Very great service, accessbile to all.",Staff,Positive
"bruh Facilities are fine overall, standard library setup.",Facilities,Neutral
"The air conditioning is okay, but temperature varies depending on where you sit. xxx",Facilities,Neutral
